station_id@MetaData,ops_obstype@MetaData,pressureReducedToMeanSeaLevel@ObsBias
string,int,float
_,0,0
01036,0,0
01036,10100,170.0
01036,10200,0
01047,0,0
01047,10100,-170.0
01047,10200,0
01199,0,0
01199,10100,-180.0
01199,10200,0
01238,0,0
01238,10100,220.0
01238,10200,0
01338,0,0
01338,10100,220.0
01338,10200,0
01389,0,0
01389,10100,-210.0
01389,10200,0
01397,0,0
01397,10100,-150.0
01397,10200,0
01424,0,0
01424,10100,-420.0
01424,10200,0
02801,0,0
02801,10100,-160.0
02801,10200,0
04205,0,0
04205,10100,-170.0
04205,10200,0
04231,0,0
04231,10100,-180.0
04231,10200,0
04373,0,0
04373,10100,180.0
04373,10200,0
06472,0,0
06472,10100,-160.0
06472,10200,0
07570,0,0
07570,10100,-180.0
07570,10200,0
08348,0,0
08348,10100,-150.0
08348,10200,0
13591,0,0
13591,10100,-150.0
13591,10200,0
13601,0,0
13601,10100,340.0
13601,10200,0
16107,0,0
16107,10100,-470.0
16107,10200,0
16190,0,0
16190,10100,530.0
16190,10200,0
16314,0,0
16314,10100,-240.0
16314,10200,0
17297,0,0
17297,10100,190.0
17297,10200,0
17540,0,0
17540,10100,-190.0
17540,10200,0
21931,0,0
21931,10100,290.0
21931,10200,0
21937,0,0
21937,10100,-220.0
21937,10200,0
23982,0,0
23982,10100,-210.0
23982,10200,0
24136,0,0
24136,10100,-240.0
24136,10200,0
24263,0,0
24263,10100,-250.0
24263,10200,0
24266,0,0
24266,10100,-430.0
24266,10200,0
24322,0,0
24322,10100,-280.0
24322,10200,0
24338,0,0
24338,10100,-280.0
24338,10200,0
24382,0,0
24382,10100,-420.0
24382,10200,0
24661,0,0
24661,10100,-320.0
24661,10200,0
24724,0,0
24724,10100,-180.0
24724,10200,0
24725,0,0
24725,10100,-180.0
24725,10200,0
24726,0,0
24726,10100,-220.0
24726,10200,0
24758,0,0
24758,10100,-260.0
24758,10200,0
24768,0,0
24768,10100,-180.0
24768,10200,0
24826,0,0
24826,10100,-200.0
24826,10200,0
24843,0,0
24843,10100,-180.0
24843,10200,0
24871,0,0
24871,10100,-260.0
24871,10200,0
24951,0,0
24951,10100,-210.0
24951,10200,0
24962,0,0
24962,10100,-170.0
24962,10200,0
25138,0,0
25138,10100,-340.0
25138,10200,0
25428,0,0
25428,10100,-450.0
25428,10200,0
25503,0,0
25503,10100,-350.0
25503,10200,0
25703,0,0
25703,10100,-350.0
25703,10200,0
25705,0,0
25705,10100,-400.0
25705,10200,0
28867,0,0
28867,10100,-170.0
28867,10200,0
28978,0,0
28978,10100,-170.0
28978,10200,0
29274,0,0
29274,10100,-170.0
29274,10200,0
29276,0,0
29276,10100,-160.0
29276,10200,0
29485,0,0
29485,10100,-180.0
29485,10200,0
29562,0,0
29562,10100,-150.0
29562,10200,0
29654,0,0
29654,10100,-170.0
29654,10200,0
29736,0,0
29736,10100,-150.0
29736,10200,0
29768,0,0
29768,10100,-190.0
29768,10200,0
30967,0,0
30967,10100,-550.0
30967,10200,0
31054,0,0
31054,10100,-330.0
31054,10200,0
31253,0,0
31253,10100,-200.0
31253,10200,0
31348,0,0
31348,10100,-180.0
31348,10200,0
31532,0,0
31532,10100,-260.0
31532,10200,0
31534,0,0
31534,10100,-210.0
31534,10200,0
31702,0,0
31702,10100,-150.0
31702,10200,0
33678,0,0
33678,10100,-160.0
33678,10200,0
33886,0,0
33886,10100,180.0
33886,10200,0
34083,0,0
34083,10100,270.0
34083,10200,0
35026,0,0
35026,10100,-180.0
35026,10200,0
35078,0,0
35078,10100,-160.0
35078,10200,0
35092,0,0
35092,10100,-200.0
35092,10200,0
35188,0,0
35188,10100,-160.0
35188,10200,0
35284,0,0
35284,10100,-180.0
35284,10200,0
35334,0,0
35334,10100,-190.0
35334,10200,0
35475,0,0
35475,10100,-280.0
35475,10200,0
35671,0,0
35671,10100,-180.0
35671,10200,0
35796,0,0
35796,10100,-210.0
35796,10200,0
36012,0,0
36012,10100,-150.0
36012,10200,0
36034,0,0
36034,10100,-160.0
36034,10200,0
36197,0,0
36197,10100,-150.0
36197,10200,0
36341,0,0
36341,10100,-320.0
36341,10200,0
36394,0,0
36394,10100,-280.0
36394,10200,0
36729,0,0
36729,10100,-220.0
36729,10200,0
37279,0,0
37279,10100,-540.0
37279,10200,0
37575,0,0
37575,10100,-350.0
37575,10200,0
38403,0,0
38403,10100,270.0
38403,10200,0
38847,0,0
38847,10100,-170.0
38847,10200,0
38944,0,0
38944,10100,620.0
38944,10200,0
40030,0,0
40030,10100,-260.0
40030,10200,0
40265,0,0
40265,10100,-170.0
40265,10200,0
40611,0,0
40611,10100,-330.0
40611,10200,0
40621,0,0
40621,10100,170.0
40621,10200,0
40622,0,0
40622,10100,190.0
40622,10200,0
40623,0,0
40623,10100,-170.0
40623,10200,0
40629,0,0
40629,10100,-260.0
40629,10200,0
40633,0,0
40633,10100,-480.0
40633,10200,0
40691,0,0
40691,10100,-280.0
40691,10200,0
40738,0,0
40738,10100,-150.0
40738,10200,0
40829,0,0
40829,10100,-200.0
40829,10200,0
40859,0,0
40859,10100,210.0
40859,10200,0
40877,0,0
40877,10100,350.0
40877,10200,0
41242,0,0
41242,10100,-180.0
41242,10200,0
41265,0,0
41265,10100,190.0
41265,10200,0
41927,0,0
41927,10100,150.0
41927,10200,0
42328,0,0
42328,10100,210.0
42328,10200,0
42367,0,0
42367,10100,-260.0
42367,10200,0
42463,0,0
42463,10100,-250.0
42463,10200,0
42483,0,0
42483,10100,-160.0
42483,10200,0
42894,0,0
42894,10100,-350.0
42894,10200,0
42948,0,0
42948,10100,-340.0
42948,10200,0
43083,0,0
43083,10100,250.0
43083,10200,0
43109,0,0
43109,10100,-190.0
43109,10200,0
43110,0,0
43110,10100,330.0
43110,10200,0
43133,0,0
43133,10100,-760.0
43133,10200,0
43212,0,0
43212,10100,280.0
43212,10200,0
43291,0,0
43291,10100,-400.0
43291,10200,0
43309,0,0
43309,10100,-180.0
43309,10200,0
43310,0,0
43310,10100,160.0
43310,10200,0
44406,0,0
44406,10100,210.0
44406,10200,0
44409,0,0
44409,10100,210.0
44409,10200,0
47020,0,0
47020,10100,240.0
47020,10200,0
47037,0,0
47037,10100,350.0
47037,10200,0
47061,0,0
47061,10100,160.0
47061,10200,0
47068,0,0
47068,10100,180.0
47068,10200,0
48064,0,0
48064,10100,250.0
48064,10200,0
48077,0,0
48077,10100,190.0
48077,10200,0
48302,0,0
48302,10100,200.0
48302,10200,0
48379,0,0
48379,10100,170.0
48379,10200,0
48458,0,0
48458,10100,-200.0
48458,10200,0
48555,0,0
48555,10100,-200.0
48555,10200,0
48866,0,0
48866,10100,-160.0
48866,10200,0
48952,0,0
48952,10100,-240.0
48952,10200,0
48957,0,0
48957,10100,160.0
48957,10200,0
50548,0,0
50548,10100,-150.0
50548,10200,0
51053,0,0
51053,10100,-260.0
51053,10200,0
51076,0,0
51076,10100,-340.0
51076,10200,0
51133,0,0
51133,10100,-190.0
51133,10200,0
51243,0,0
51243,10100,-330.0
51243,10200,0
51334,0,0
51334,10100,-290.0
51334,10200,0
51379,0,0
51379,10100,-500.0
51379,10200,0
51573,0,0
51573,10100,-160.0
51573,10200,0
52112,0,0
52112,10100,-220.0
52112,10200,0
53845,0,0
53845,10100,-180.0
53845,10200,0
54218,0,0
54218,10100,-270.0
54218,10200,0
56287,0,0
56287,10100,-170.0
56287,10200,0
56739,0,0
56739,10100,-270.0
56739,10200,0
57025,0,0
57025,10100,-170.0
57025,10200,0
57745,0,0
57745,10100,-160.0
57745,10200,0
57832,0,0
57832,10100,-170.0
57832,10200,0
57845,0,0
57845,10100,-160.0
57845,10200,0
57853,0,0
57853,10100,-180.0
57853,10200,0
57916,0,0
57916,10100,-200.0
57916,10200,0
57922,0,0
57922,10100,-160.0
57922,10200,0
60355,0,0
60355,10100,170.0
60355,10200,0
60419,0,0
60419,10100,-160.0
60419,10200,0
60518,0,0
60518,10100,240.0
60518,10200,0
60729,0,0
60729,10100,-160.0
60729,10200,0
61781,0,0
61781,10100,750.0
61781,10200,0
62161,0,0
62161,10100,200.0
62161,10200,0
62271,0,0
62271,10100,-390.0
62271,10200,0
62393,0,0
62393,10100,-170.0
62393,10200,0
62452,0,0
62452,10100,-160.0
62452,10200,0
62455,0,0
62455,10100,-310.0
62455,10200,0
64810,0,0
64810,10100,-170.0
64810,10200,0
64851,0,0
64851,10100,-230.0
64851,10200,0
65046,0,0
65046,10100,-460.0
65046,10200,0
65123,0,0
65123,10100,450.0
65123,10200,0
65125,0,0
65125,10100,-270.0
65125,10200,0
65215,0,0
65215,10100,-290.0
65215,10200,0
65416,0,0
65416,10100,-170.0
65416,10200,0
65562,0,0
65562,10100,-160.0
65562,10200,0
65563,0,0
65563,10100,150.0
65563,10200,0
67273,0,0
67273,10100,360.0
67273,10200,0
67335,0,0
67335,10100,220.0
67335,10200,0
68098,0,0
68098,10100,-180.0
68098,10200,0
68926,0,0
68926,10100,-170.0
68926,10200,0
70194,0,0
70194,10100,-180.0
70194,10200,0
71024,0,0
71024,10100,-160.0
71024,10200,0
71043,0,0
71043,10100,-210.0
71043,10200,0
71044,0,0
71044,10100,-320.0
71044,10200,0
71056,0,0
71056,10100,-240.0
71056,10200,0
71064,0,0
71064,10100,-190.0
71064,10200,0
71077,0,0
71077,10100,-190.0
71077,10200,0
71132,0,0
71132,10100,-160.0
71132,10200,0
71148,0,0
71148,10100,-260.0
71148,10200,0
71160,0,0
71160,10100,-150.0
71160,10200,0
71163,0,0
71163,10100,-180.0
71163,10200,0
71164,0,0
71164,10100,-340.0
71164,10200,0
71165,0,0
71165,10100,-250.0
71165,10200,0
71282,0,0
71282,10100,210.0
71282,10200,0
71307,0,0
71307,10100,-500.0
71307,10200,0
71310,0,0
71310,10100,-190.0
71310,10200,0
71319,0,0
71319,10100,160.0
71319,10200,0
71321,0,0
71321,10100,-220.0
71321,10200,0
71337,0,0
71337,10100,160.0
71337,10200,0
71403,0,0
71403,10100,200.0
71403,10200,0
71406,0,0
71406,10100,210.0
71406,10200,0
71419,0,0
71419,10100,160.0
71419,10200,0
71421,0,0
71421,10100,-210.0
71421,10200,0
71470,0,0
71470,10100,-220.0
71470,10200,0
71479,0,0
71479,10100,290.0
71479,10200,0
71480,0,0
71480,10100,-170.0
71480,10200,0
71488,0,0
71488,10100,260.0
71488,10200,0
71490,0,0
71490,10100,-310.0
71490,10200,0
71492,0,0
71492,10100,-250.0
71492,10200,0
71502,0,0
71502,10100,280.0
71502,10200,0
71560,0,0
71560,10100,-200.0
71560,10200,0
71594,0,0
71594,10100,-160.0
71594,10200,0
71613,0,0
71613,10100,-320.0
71613,10200,0
71694,0,0
71694,10100,-150.0
71694,10200,0
71820,0,0
71820,10100,-330.0
71820,10200,0
71826,0,0
71826,10100,-320.0
71826,10200,0
71869,0,0
71869,10100,-180.0
71869,10200,0
71872,0,0
71872,10100,670.0
71872,10200,0
71876,0,0
71876,10100,-190.0
71876,10200,0
71917,0,0
71917,10100,-300.0
71917,10200,0
71931,0,0
71931,10100,160.0
71931,10200,0
71936,0,0
71936,10100,-190.0
71936,10200,0
71971,0,0
71971,10100,-360.0
71971,10200,0
71978,0,0
71978,10100,-350.0
71978,10200,0
72370,0,0
72370,10100,190.0
72370,10200,0
73015,0,0
73015,10100,-150.0
73015,10200,0
76061,0,0
76061,10100,-160.0
76061,10200,0
76243,0,0
76243,10100,-170.0
76243,10200,0
76640,0,0
76640,10100,-190.0
76640,10200,0
76658,0,0
76658,10100,-200.0
76658,10200,0
76855,0,0
76855,10100,-180.0
76855,10200,0
78650,0,0
78650,10100,160.0
78650,10200,0
78655,0,0
78655,10100,420.0
78655,10200,0
78700,0,0
78700,10100,-260.0
78700,10200,0
78706,0,0
78706,10100,150.0
78706,10200,0
78707,0,0
78707,10100,-170.0
78707,10200,0
78720,0,0
78720,10100,-230.0
78720,10200,0
80036,0,0
80036,10100,-260.0
80036,10200,0
80097,0,0
80097,10100,-290.0
80097,10200,0
80099,0,0
80099,10100,620.0
80099,10200,0
80234,0,0
80234,10100,-180.0
80234,10200,0
80315,0,0
80315,10100,240.0
80315,10200,0
80410,0,0
80410,10100,-330.0
80410,10200,0
80416,0,0
80416,10100,-170.0
80416,10200,0
82181,0,0
82181,10100,-220.0
82181,10200,0
82246,0,0
82246,10100,-170.0
82246,10200,0
82353,0,0
82353,10100,350.0
82353,10200,0
82445,0,0
82445,10100,-210.0
82445,10200,0
82460,0,0
82460,10100,-160.0
82460,10200,0
82562,0,0
82562,10100,-160.0
82562,10200,0
82765,0,0
82765,10100,-270.0
82765,10200,0
82861,0,0
82861,10100,260.0
82861,10200,0
82979,0,0
82979,10100,-190.0
82979,10200,0
83228,0,0
83228,10100,170.0
83228,10200,0
83235,0,0
83235,10100,160.0
83235,10200,0
83270,0,0
83270,10100,-230.0
83270,10200,0
83319,0,0
83319,10100,-260.0
83319,10200,0
83332,0,0
83332,10100,170.0
83332,10200,0
83358,0,0
83358,10100,220.0
83358,10200,0
83442,0,0
83442,10100,290.0
83442,10200,0
83676,0,0
83676,10100,-270.0
83676,10200,0
83919,0,0
83919,10100,-160.0
83919,10200,0
83980,0,0
83980,10100,190.0
83980,10200,0
84010,0,0
84010,10100,250.0
84010,10200,0
84063,0,0
84063,10100,-310.0
84063,10200,0
84099,0,0
84099,10100,-170.0
84099,10200,0
84377,0,0
84377,10100,-370.0
84377,10200,0
84425,0,0
84425,10100,-390.0
84425,10200,0
85175,0,0
85175,10100,-200.0
85175,10200,0
85196,0,0
85196,10100,-340.0
85196,10200,0
85210,0,0
85210,10100,-320.0
85210,10200,0
85247,0,0
85247,10100,-330.0
85247,10200,0
85268,0,0
85268,10100,-300.0
85268,10200,0
85467,0,0
85467,10100,-200.0
85467,10200,0
86097,0,0
86097,10100,-270.0
86097,10200,0
86185,0,0
86185,10100,280.0
86185,10200,0
86210,0,0
86210,10100,180.0
86210,10200,0
86430,0,0
86430,10100,-150.0
86430,10200,0
86565,0,0
86565,10100,150.0
86565,10200,0
87784,0,0
87784,10100,-150.0
87784,10200,0
89003,0,0
89003,10100,-280.0
89003,10200,0
89061,0,0
89061,10100,330.0
89061,10200,0
89345,0,0
89345,10100,810.0
89345,10200,0
89377,0,0
89377,10100,-220.0
89377,10200,0
89514,0,0
89514,10100,410.0
89514,10200,0
89832,0,0
89832,10100,250.0
89832,10200,0
89879,0,0
89879,10100,810.0
89879,10200,0
91203,0,0
91203,10100,-220.0
91203,10200,0
91553,0,0
91553,10100,-160.0
91553,10200,0
94673,0,0
94673,10100,230.0
94673,10200,0
96001,0,0
96001,10100,-170.0
96001,10200,0
96087,0,0
96087,10100,-210.0
96087,10200,0
96207,0,0
96207,10100,-480.0
96207,10200,0
96505,0,0
96505,10100,-700.0
96505,10200,0
96565,0,0
96565,10100,-170.0
96565,10200,0
96655,0,0
96655,10100,-200.0
96655,10200,0
96781,0,0
96781,10100,-490.0
96781,10200,0
97146,0,0
97146,10100,-180.0
97146,10200,0
97192,0,0
97192,10100,-240.0
97192,10200,0
97378,0,0
97378,10100,-540.0
97378,10200,0
97686,0,0
97686,10100,-900.0
97686,10200,0
97780,0,0
97780,10100,180.0
97780,10200,0
98328,0,0
98328,10100,250.0
98328,10200,0
98334,0,0
98334,10100,-180.0
98334,10200,0
2101634,0,0
2101634,10200,-440.0
2101634,10300,0
2201561,0,0
2201561,10200,-220.0
2201561,10300,0
2301708,0,0
2301708,10200,-500.0
2301708,10300,0
2AUO5,0,0
2AUO5,10200,-150.0
2AUO5,10300,0
2GNG3,0,0
2GNG3,10200,-670.0
2GNG3,10300,0
2HDF9,0,0
2HDF9,10200,290.0
2HDF9,10300,0
2HDG4,0,0
2HDG4,10200,290.0
2HDG4,10300,0
2IYF8,0,0
2IYF8,10200,-160.0
2IYF8,10300,0
3101538,0,0
3101538,10200,-520.0
3101538,10300,0
3101546,0,0
3101546,10200,-210.0
3101546,10300,0
3101547,0,0
3101547,10200,-280.0
3101547,10300,0
3101548,0,0
3101548,10200,-260.0
3101548,10300,0
3101550,0,0
3101550,10200,-200.0
3101550,10300,0
3EBL5,0,0
3EBL5,10200,-240.0
3EBL5,10300,0
3ENU5,0,0
3ENU5,10200,-290.0
3ENU5,10300,0
3FOA6,0,0
3FOA6,10200,330.0
3FOA6,10300,0
4301502,0,0
4301502,10200,260.0
4301502,10300,0
4301560,0,0
4301560,10200,-200.0
4301560,10300,0
4400009,0,0
4400009,10200,370.0
4400009,10300,0
4400029,0,0
4400029,10200,230.0
4400029,10300,0
4400032,0,0
4400032,10200,180.0
4400032,10300,0
4400058,0,0
4400058,10200,-300.0
4400058,10300,0
44009,0,0
44009,10200,370.0
44009,10300,0
4401861,0,0
4401861,10200,480.0
4401861,10300,0
44029,0,0
44029,10200,230.0
44029,10300,0
44032,0,0
44032,10200,180.0
44032,10300,0
44058,0,0
44058,10200,-300.0
44058,10300,0
4601664,0,0
4601664,10200,-340.0
4601664,10300,0
4802503,0,0
4802503,10200,-150.0
4802503,10300,0
5301574,0,0
5301574,10200,190.0
5301574,10300,0
5601568,0,0
5601568,10200,-170.0
5601568,10300,0
62141,0,0
62141,10200,230.0
62141,10300,0
7100061,0,0
7100061,10200,180.0
7100061,10300,0
7KBD,0,0
7KBD,10200,180.0
7KBD,10300,0
7KDG,0,0
7KDG,10200,260.0
7KDG,10300,0
9HA2280,0,0
9HA2280,10200,-600.0
9HA2280,10300,0
9HA3667,0,0
9HA3667,10200,-870.0
9HA3667,10300,0
9HA3731,0,0
9HA3731,10200,-460.0
9HA3731,10300,0
9HA3851,0,0
9HA3851,10200,-240.0
9HA3851,10300,0
9HA4330,0,0
9HA4330,10200,420.0
9HA4330,10300,0
9HA4455,0,0
9HA4455,10200,-180.0
9HA4455,10300,0
9HA4612,0,0
9HA4612,10200,-230.0
9HA4612,10300,0
9HA4800,0,0
9HA4800,10200,-250.0
9HA4800,10300,0
9HA4991,0,0
9HA4991,10200,-170.0
9HA4991,10300,0
9HA5063,0,0
9HA5063,10200,290.0
9HA5063,10300,0
9HJB9,0,0
9HJB9,10200,-360.0
9HJB9,10300,0
9HJD9,0,0
9HJD9,10200,-190.0
9HJD9,10300,0
9HJF9,0,0
9HJF9,10200,-310.0
9HJF9,10300,0
9HOB8,0,0
9HOB8,10200,150.0
9HOB8,10300,0
9V2730,0,0
9V2730,10200,-180.0
9V2730,10300,0
9V3533,0,0
9V3533,10200,-360.0
9V3533,10300,0
9V5294,0,0
9V5294,10200,-150.0
9V5294,10300,0
9V6171,0,0
9V6171,10200,-260.0
9V6171,10300,0
9V6539,0,0
9V6539,10200,270.0
9V6539,10300,0
9V8827,0,0
9V8827,10200,-330.0
9V8827,10300,0
9V9399,0,0
9V9399,10200,610.0
9V9399,10300,0
9V9450,0,0
9V9450,10200,-420.0
9V9450,10300,0
9V9558,0,0
9V9558,10200,-330.0
9V9558,10300,0
9VKQ2,0,0
9VKQ2,10200,190.0
9VKQ2,10300,0
A8FZ6,0,0
A8FZ6,10200,-190.0
A8FZ6,10300,0
A8JX9,0,0
A8JX9,10200,-420.0
A8JX9,10300,0
A8PQ3,0,0
A8PQ3,10200,-300.0
A8PQ3,10300,0
ATVK,0,0
ATVK,10200,-320.0
ATVK,10300,0
AUTV,0,0
AUTV,10200,-270.0
AUTV,10300,0
AUXE,0,0
AUXE,10200,-220.0
AUXE,10300,0
AVBC,0,0
AVBC,10200,300.0
AVBC,10300,0
BBXX AUX,0,0
BBXX AUX,10200,-220.0
BBXX AUX,10300,0
BBXX VTZ,0,0
BBXX VTZ,10200,-240.0
BBXX VTZ,10300,0
BBXX VWS,0,0
BBXX VWS,10200,150.0
BBXX VWS,10300,0
BBXX VWX,0,0
BBXX VWX,10200,390.0
BBXX VWX,10300,0
C6AP3,0,0
C6AP3,10200,-220.0
C6AP3,10300,0
C6AP4,0,0
C6AP4,10200,180.0
C6AP4,10300,0
C6AV5,0,0
C6AV5,10200,220.0
C6AV5,10300,0
C6AX3,0,0
C6AX3,10200,-180.0
C6AX3,10300,0
C6BC8,0,0
C6BC8,10200,-190.0
C6BC8,10300,0
C6BR3,0,0
C6BR3,10200,-410.0
C6BR3,10300,0
C6CS9,0,0
C6CS9,10200,270.0
C6CS9,10300,0
C6DD6,0,0
C6DD6,10200,-350.0
C6DD6,10300,0
C6DP5,0,0
C6DP5,10200,-160.0
C6DP5,10300,0
C6DP6,0,0
C6DP6,10200,-310.0
C6DP6,10300,0
C6DP7,0,0
C6DP7,10200,-170.0
C6DP7,10300,0
C6DP9,0,0
C6DP9,10200,-210.0
C6DP9,10300,0
C6DQ2,0,0
C6DQ2,10200,-400.0
C6DQ2,10300,0
C6DQ5,0,0
C6DQ5,10200,-150.0
C6DQ5,10300,0
C6ED4,0,0
C6ED4,10200,-880.0
C6ED4,10300,0
C6FM9,0,0
C6FM9,10200,230.0
C6FM9,10300,0
C6FU4,0,0
C6FU4,10200,-460.0
C6FU4,10300,0
C6FV8,0,0
C6FV8,10200,520.0
C6FV8,10300,0
C6FW9,0,0
C6FW9,10200,-280.0
C6FW9,10300,0
C6LG6,0,0
C6LG6,10200,310.0
C6LG6,10300,0
C6RN3,0,0
C6RN3,10200,-520.0
C6RN3,10300,0
C6SE3,0,0
C6SE3,10200,-220.0
C6SE3,10300,0
C6SI4,0,0
C6SI4,10200,210.0
C6SI4,10300,0
C6SW3,0,0
C6SW3,10200,230.0
C6SW3,10300,0
C6UZ6,0,0
C6UZ6,10200,-350.0
C6UZ6,10300,0
C6VG7,0,0
C6VG7,10200,270.0
C6VG7,10300,0
C6YM5,0,0
C6YM5,10200,-160.0
C6YM5,10300,0
C6YM6,0,0
C6YM6,10200,-170.0
C6YM6,10300,0
C6YZ5,0,0
C6YZ5,10200,190.0
C6YZ5,10300,0
C6ZJ4,0,0
C6ZJ4,10200,190.0
C6ZJ4,10300,0
CCAQ,0,0
CCAQ,10200,500.0
CCAQ,10300,0
CPR,0,0
CPR,10200,390.0
CPR,10300,0
D5DG4,0,0
D5DG4,10200,280.0
D5DG4,10300,0
D5HF2,0,0
D5HF2,10200,310.0
D5HF2,10300,0
D5KQ6,0,0
D5KQ6,10200,-330.0
D5KQ6,10300,0
D5KQ9,0,0
D5KQ9,10200,240.0
D5KQ9,10300,0
D5KR9,0,0
D5KR9,10200,280.0
D5KR9,10300,0
D5LB5,0,0
D5LB5,10200,170.0
D5LB5,10300,0
D5LB8,0,0
D5LB8,10200,-380.0
D5LB8,10300,0
D5LJ2,0,0
D5LJ2,10200,-390.0
D5LJ2,10300,0
D5LR3,0,0
D5LR3,10200,310.0
D5LR3,10300,0
D5LW6,0,0
D5LW6,10200,350.0
D5LW6,10300,0
D5LW7,0,0
D5LW7,10200,-340.0
D5LW7,10300,0
D5OY6,0,0
D5OY6,10200,-170.0
D5OY6,10300,0
D5UA3,0,0
D5UA3,10200,170.0
D5UA3,10300,0
DACF,0,0
DACF,10200,240.0
DACF,10300,0
DUIP,0,0
DUIP,10200,510.0
DUIP,10300,0
ELQQ4,0,0
ELQQ4,10200,230.0
ELQQ4,10300,0
FNUY,0,0
FNUY,10200,250.0
FNUY,10300,0
FOUD,0,0
FOUD,10200,310.0
FOUD,10300,0
H3GR,0,0
H3GR,10200,-370.0
H3GR,10300,0
H3VU,0,0
H3VU,10200,-370.0
H3VU,10300,0
HPYE,0,0
HPYE,10200,-170.0
HPYE,10300,0
IBJD,0,0
IBJD,10200,-180.0
IBJD,10300,0
J8QX8,0,0
J8QX8,10200,-170.0
J8QX8,10300,0
J8QX9,0,0
J8QX9,10200,-190.0
J8QX9,10300,0
KCDK,0,0
KCDK,10200,170.0
KCDK,10300,0
KIYI,0,0
KIYI,10200,210.0
KIYI,10300,0
KLUX,0,0
KLUX,10200,-150.0
KLUX,10300,0
LAQL7,0,0
LAQL7,10200,-300.0
LAQL7,10300,0
LOCX,0,0
LOCX,10200,250.0
LOCX,10300,0
MBFI9,0,0
MBFI9,10200,-270.0
MBFI9,10300,0
MBQB5,0,0
MBQB5,10200,180.0
MBQB5,10300,0
MEYE7,0,0
MEYE7,10200,180.0
MEYE7,10300,0
N260,0,0
N260,10200,-160.0
N260,10300,0
OUIY2,0,0
OUIY2,10200,-760.0
OUIY2,10300,0
OYIK2,0,0
OYIK2,10200,520.0
OYIK2,10300,0
OZ2049,0,0
OZ2049,10200,740.0
OZ2049,10300,0
OZDA2,0,0
OZDA2,10200,-330.0
OZDA2,10300,0
PBGJ,0,0
PBGJ,10200,710.0
PBGJ,10300,0
PBWQ,0,0
PBWQ,10200,-290.0
PBWQ,10300,0
PDHU,0,0
PDHU,10200,-400.0
PDHU,10300,0
S6LT3,0,0
S6LT3,10200,420.0
S6LT3,10300,0
TBWUK52,0,0
TBWUK52,10200,260.0
TBWUK52,10300,0
TBWUK69,0,0
TBWUK69,10200,240.0
TBWUK69,10300,0
TFNA,0,0
TFNA,10200,170.0
TFNA,10300,0
UAEV,0,0
UAEV,10200,-270.0
UAEV,10300,0
UASP,0,0
UASP,10200,-270.0
UASP,10300,0
UBSH5,0,0
UBSH5,10200,310.0
UBSH5,10300,0
UFJN,0,0
UFJN,10200,370.0
UFJN,10300,0
UIFY,0,0
UIFY,10200,550.0
UIFY,10300,0
V7A2563,0,0
V7A2563,10200,-300.0
V7A2563,10300,0
V7EQ4,0,0
V7EQ4,10200,-190.0
V7EQ4,10300,0
V7FK6,0,0
V7FK6,10200,-330.0
V7FK6,10300,0
V7GR8,0,0
V7GR8,10200,-220.0
V7GR8,10300,0
V7IG7,0,0
V7IG7,10200,-150.0
V7IG7,10300,0
V7KC3,0,0
V7KC3,10200,-180.0
V7KC3,10300,0
V7LE8,0,0
V7LE8,10200,250.0
V7LE8,10300,0
V7UT8,0,0
V7UT8,10200,-270.0
V7UT8,10300,0
V7UU2,0,0
V7UU2,10200,-360.0
V7UU2,10300,0
V7VN5,0,0
V7VN5,10200,-420.0
V7VN5,10300,0
V7ZZ6,0,0
V7ZZ6,10200,-180.0
V7ZZ6,10300,0
VNVS,0,0
VNVS,10200,-160.0
VNVS,10300,0
VRAE5,0,0
VRAE5,10200,-170.0
VRAE5,10300,0
VRBH6,0,0
VRBH6,10200,-780.0
VRBH6,10300,0
VRBX7,0,0
VRBX7,10200,170.0
VRBX7,10300,0
VRCS2,0,0
VRCS2,10200,-210.0
VRCS2,10300,0
VRDJ3,0,0
VRDJ3,10200,510.0
VRDJ3,10300,0
VREK5,0,0
VREK5,10200,-220.0
VREK5,10300,0
VRFU9,0,0
VRFU9,10200,510.0
VRFU9,10300,0
VRGE7,0,0
VRGE7,10200,-450.0
VRGE7,10300,0
VRGG6,0,0
VRGG6,10200,-240.0
VRGG6,10300,0
VRGJ6,0,0
VRGJ6,10200,-240.0
VRGJ6,10300,0
VRGO2,0,0
VRGO2,10200,-300.0
VRGO2,10300,0
VRHM2,0,0
VRHM2,10200,-180.0
VRHM2,10300,0
VRHR2,0,0
VRHR2,10200,-540.0
VRHR2,10300,0
VRJS2,0,0
VRJS2,10200,590.0
VRJS2,10300,0
VRJT8,0,0
VRJT8,10200,220.0
VRJT8,10300,0
VRLA6,0,0
VRLA6,10200,310.0
VRLA6,10300,0
VRLB7,0,0
VRLB7,10200,-630.0
VRLB7,10300,0
VRLD8,0,0
VRLD8,10200,180.0
VRLD8,10300,0
VRLJ2,0,0
VRLJ2,10200,580.0
VRLJ2,10300,0
VRMC9,0,0
VRMC9,10200,-320.0
VRMC9,10300,0
VRMM1,0,0
VRMM1,10200,-870.0
VRMM1,10300,0
VRMV8,0,0
VRMV8,10200,300.0
VRMV8,10300,0
VRNI7,0,0
VRNI7,10200,-160.0
VRNI7,10300,0
VRNY5,0,0
VRNY5,10200,-160.0
VRNY5,10300,0
VROO4,0,0
VROO4,10200,-350.0
VROO4,10300,0
VROO5,0,0
VROO5,10200,-180.0
VROO5,10300,0
VRPF9,0,0
VRPF9,10200,660.0
VRPF9,10300,0
VRPN7,0,0
VRPN7,10200,170.0
VRPN7,10300,0
VRPY5,0,0
VRPY5,10200,-290.0
VRPY5,10300,0
VRQE9,0,0
VRQE9,10200,320.0
VRQE9,10300,0
VRQO7,0,0
VRQO7,10200,310.0
VRQO7,10300,0
VRQS4,0,0
VRQS4,10200,300.0
VRQS4,10300,0
VRRD6,0,0
VRRD6,10200,-190.0
VRRD6,10300,0
VRRI5,0,0
VRRI5,10200,260.0
VRRI5,10300,0
VRRL7,0,0
VRRL7,10200,550.0
VRRL7,10300,0
VRRW9,0,0
VRRW9,10200,-340.0
VRRW9,10300,0
VRRX9,0,0
VRRX9,10200,940.0
VRRX9,10300,0
VRSB4,0,0
VRSB4,10200,360.0
VRSB4,10300,0
VRTA7,0,0
VRTA7,10200,190.0
VRTA7,10300,0
VRVP2,0,0
VRVP2,10200,-300.0
VRVP2,10300,0
VRVQ9,0,0
VRVQ9,10200,430.0
VRVQ9,10300,0
VRWE8,0,0
VRWE8,10200,250.0
VRWE8,10300,0
VRWZ5,0,0
VRWZ5,10200,-480.0
VRWZ5,10300,0
VRXL8,0,0
VRXL8,10200,-330.0
VRXL8,10300,0
VRYP3,0,0
VRYP3,10200,-260.0
VRYP3,10300,0
VRZP8,0,0
VRZP8,10200,160.0
VRZP8,10300,0
VTZJ,0,0
VTZJ,10200,-240.0
VTZJ,10300,0
VWSK,0,0
VWSK,10200,160.0
VWSK,10300,0
VWXS,0,0
VWXS,10200,390.0
VWXS,10300,0
WACW,0,0
WACW,10200,200.0
WACW,10300,0
WBN3008,0,0
WBN3008,10200,280.0
WBN3008,10300,0
WCY7054,0,0
WCY7054,10200,-240.0
WCY7054,10300,0
WCY9686,0,0
WCY9686,10200,-420.0
WCY9686,10300,0
WDC6923,0,0
WDC6923,10200,-240.0
WDC6923,10300,0
WDC6925,0,0
WDC6925,10200,-260.0
WDC6925,10300,0
WDDI,0,0
WDDI,10200,-190.0
WDDI,10300,0
WDE4433,0,0
WDE4433,10200,-490.0
WDE4433,10300,0
WDF7311,0,0
WDF7311,10200,-190.0
WDF7311,10300,0
WDG2803,0,0
WDG2803,10200,260.0
WDG2803,10300,0
WDH8281,0,0
WDH8281,10200,280.0
WDH8281,10300,0
WDJ3192,0,0
WDJ3192,10200,-260.0
WDJ3192,10300,0
WDJ3199,0,0
WDJ3199,10200,330.0
WDJ3199,10300,0
WDJ4909,0,0
WDJ4909,10200,-250.0
WDJ4909,10300,0
WDJ8973,0,0
WDJ8973,10200,-780.0
WDJ8973,10300,0
WECH,0,0
WECH,10200,-310.0
WECH,10300,0
WFLH,0,0
WFLH,10200,-230.0
WFLH,10300,0
WGAH,0,0
WGAH,10200,-220.0
WGAH,10300,0
WJBU,0,0
WJBU,10200,360.0
WJBU,10300,0
WLPI,0,0
WLPI,10200,370.0
WLPI,10300,0
WMHA,0,0
WMHA,10200,-160.0
WMHA,10300,0
WPTC,0,0
WPTC,10200,-310.0
WPTC,10300,0
WTDF,0,0
WTDF,10200,-440.0
WTDF,10300,0
WYP8657,0,0
WYP8657,10200,160.0
WYP8657,10300,0
WZZF,0,0
WZZF,10200,-340.0
WZZF,10300,0
ZCDG8,0,0
ZCDG8,10200,200.0
ZCDG8,10300,0
2101634,10300,-440.0
2101634,10400,0
2201561,10300,-220.0
2201561,10400,0
2301708,10300,-500.0
2301708,10400,0
2AUO5,10300,-150.0
2AUO5,10400,0
2GNG3,10300,-670.0
2GNG3,10400,0
2HDF9,10300,290.0
2HDF9,10400,0
2HDG4,10300,290.0
2HDG4,10400,0
2IYF8,10300,-160.0
2IYF8,10400,0
3101538,10300,-520.0
3101538,10400,0
3101546,10300,-210.0
3101546,10400,0
3101547,10300,-280.0
3101547,10400,0
3101548,10300,-260.0
3101548,10400,0
3101550,10300,-200.0
3101550,10400,0
3EBL5,10300,-240.0
3EBL5,10400,0
3ENU5,10300,-290.0
3ENU5,10400,0
3FOA6,10300,330.0
3FOA6,10400,0
4301502,10300,260.0
4301502,10400,0
4301560,10300,-200.0
4301560,10400,0
4400009,10300,370.0
4400009,10400,0
4400029,10300,230.0
4400029,10400,0
4400032,10300,180.0
4400032,10400,0
4400058,10300,-300.0
4400058,10400,0
44009,10300,370.0
44009,10400,0
4401861,10300,480.0
4401861,10400,0
44029,10300,230.0
44029,10400,0
44032,10300,180.0
44032,10400,0
44058,10300,-300.0
44058,10400,0
4601664,10300,-340.0
4601664,10400,0
4802503,10300,-150.0
4802503,10400,0
5301574,10300,190.0
5301574,10400,0
5601568,10300,-170.0
5601568,10400,0
62141,10300,230.0
62141,10400,0
7100061,10300,180.0
7100061,10400,0
7KBD,10300,180.0
7KBD,10400,0
7KDG,10300,260.0
7KDG,10400,0
9HA2280,10300,-600.0
9HA2280,10400,0
9HA3667,10300,-870.0
9HA3667,10400,0
9HA3731,10300,-460.0
9HA3731,10400,0
9HA3851,10300,-240.0
9HA3851,10400,0
9HA4330,10300,420.0
9HA4330,10400,0
9HA4455,10300,-180.0
9HA4455,10400,0
9HA4612,10300,-230.0
9HA4612,10400,0
9HA4800,10300,-250.0
9HA4800,10400,0
9HA4991,10300,-170.0
9HA4991,10400,0
9HA5063,10300,290.0
9HA5063,10400,0
9HJB9,10300,-360.0
9HJB9,10400,0
9HJD9,10300,-190.0
9HJD9,10400,0
9HJF9,10300,-310.0
9HJF9,10400,0
9HOB8,10300,150.0
9HOB8,10400,0
9V2730,10300,-180.0
9V2730,10400,0
9V3533,10300,-360.0
9V3533,10400,0
9V5294,10300,-150.0
9V5294,10400,0
9V6171,10300,-260.0
9V6171,10400,0
9V6539,10300,270.0
9V6539,10400,0
9V8827,10300,-330.0
9V8827,10400,0
9V9399,10300,610.0
9V9399,10400,0
9V9450,10300,-420.0
9V9450,10400,0
9V9558,10300,-330.0
9V9558,10400,0
9VKQ2,10300,190.0
9VKQ2,10400,0
A8FZ6,10300,-190.0
A8FZ6,10400,0
A8JX9,10300,-420.0
A8JX9,10400,0
A8PQ3,10300,-300.0
A8PQ3,10400,0
ATVK,10300,-320.0
ATVK,10400,0
AUTV,10300,-270.0
AUTV,10400,0
AUXE,10300,-220.0
AUXE,10400,0
AVBC,10300,300.0
AVBC,10400,0
BBXX AUX,10300,-220.0
BBXX AUX,10400,0
BBXX VTZ,10300,-240.0
BBXX VTZ,10400,0
BBXX VWS,10300,150.0
BBXX VWS,10400,0
BBXX VWX,10300,390.0
BBXX VWX,10400,0
C6AP3,10300,-220.0
C6AP3,10400,0
C6AP4,10300,180.0
C6AP4,10400,0
C6AV5,10300,220.0
C6AV5,10400,0
C6AX3,10300,-180.0
C6AX3,10400,0
C6BC8,10300,-190.0
C6BC8,10400,0
C6BR3,10300,-410.0
C6BR3,10400,0
C6CS9,10300,270.0
C6CS9,10400,0
C6DD6,10300,-350.0
C6DD6,10400,0
C6DP5,10300,-160.0
C6DP5,10400,0
C6DP6,10300,-310.0
C6DP6,10400,0
C6DP7,10300,-170.0
C6DP7,10400,0
C6DP9,10300,-210.0
C6DP9,10400,0
C6DQ2,10300,-400.0
C6DQ2,10400,0
C6DQ5,10300,-150.0
C6DQ5,10400,0
C6ED4,10300,-880.0
C6ED4,10400,0
C6FM9,10300,230.0
C6FM9,10400,0
C6FU4,10300,-460.0
C6FU4,10400,0
C6FV8,10300,520.0
C6FV8,10400,0
C6FW9,10300,-280.0
C6FW9,10400,0
C6LG6,10300,310.0
C6LG6,10400,0
C6RN3,10300,-520.0
C6RN3,10400,0
C6SE3,10300,-220.0
C6SE3,10400,0
C6SI4,10300,210.0
C6SI4,10400,0
C6SW3,10300,230.0
C6SW3,10400,0
C6UZ6,10300,-350.0
C6UZ6,10400,0
C6VG7,10300,270.0
C6VG7,10400,0
C6YM5,10300,-160.0
C6YM5,10400,0
C6YM6,10300,-170.0
C6YM6,10400,0
C6YZ5,10300,190.0
C6YZ5,10400,0
C6ZJ4,10300,190.0
C6ZJ4,10400,0
CCAQ,10300,500.0
CCAQ,10400,0
CPR,10300,390.0
CPR,10400,0
D5DG4,10300,280.0
D5DG4,10400,0
D5HF2,10300,310.0
D5HF2,10400,0
D5KQ6,10300,-330.0
D5KQ6,10400,0
D5KQ9,10300,240.0
D5KQ9,10400,0
D5KR9,10300,280.0
D5KR9,10400,0
D5LB5,10300,170.0
D5LB5,10400,0
D5LB8,10300,-380.0
D5LB8,10400,0
D5LJ2,10300,-390.0
D5LJ2,10400,0
D5LR3,10300,310.0
D5LR3,10400,0
D5LW6,10300,350.0
D5LW6,10400,0
D5LW7,10300,-340.0
D5LW7,10400,0
D5OY6,10300,-170.0
D5OY6,10400,0
D5UA3,10300,170.0
D5UA3,10400,0
DACF,10300,240.0
DACF,10400,0
DUIP,10300,510.0
DUIP,10400,0
ELQQ4,10300,230.0
ELQQ4,10400,0
FNUY,10300,250.0
FNUY,10400,0
FOUD,10300,310.0
FOUD,10400,0
H3GR,10300,-370.0
H3GR,10400,0
H3VU,10300,-370.0
H3VU,10400,0
HPYE,10300,-170.0
HPYE,10400,0
IBJD,10300,-180.0
IBJD,10400,0
J8QX8,10300,-170.0
J8QX8,10400,0
J8QX9,10300,-190.0
J8QX9,10400,0
KCDK,10300,170.0
KCDK,10400,0
KIYI,10300,210.0
KIYI,10400,0
KLUX,10300,-150.0
KLUX,10400,0
LAQL7,10300,-300.0
LAQL7,10400,0
LOCX,10300,250.0
LOCX,10400,0
MBFI9,10300,-270.0
MBFI9,10400,0
MBQB5,10300,180.0
MBQB5,10400,0
MEYE7,10300,180.0
MEYE7,10400,0
N260,10300,-160.0
N260,10400,0
OUIY2,10300,-760.0
OUIY2,10400,0
OYIK2,10300,520.0
OYIK2,10400,0
OZ2049,10300,740.0
OZ2049,10400,0
OZDA2,10300,-330.0
OZDA2,10400,0
PBGJ,10300,710.0
PBGJ,10400,0
PBWQ,10300,-290.0
PBWQ,10400,0
PDHU,10300,-400.0
PDHU,10400,0
S6LT3,10300,420.0
S6LT3,10400,0
TBWUK52,10300,260.0
TBWUK52,10400,0
TBWUK69,10300,240.0
TBWUK69,10400,0
TFNA,10300,170.0
TFNA,10400,0
UAEV,10300,-270.0
UAEV,10400,0
UASP,10300,-270.0
UASP,10400,0
UBSH5,10300,310.0
UBSH5,10400,0
UFJN,10300,370.0
UFJN,10400,0
UIFY,10300,550.0
UIFY,10400,0
V7A2563,10300,-300.0
V7A2563,10400,0
V7EQ4,10300,-190.0
V7EQ4,10400,0
V7FK6,10300,-330.0
V7FK6,10400,0
V7GR8,10300,-220.0
V7GR8,10400,0
V7IG7,10300,-150.0
V7IG7,10400,0
V7KC3,10300,-180.0
V7KC3,10400,0
V7LE8,10300,250.0
V7LE8,10400,0
V7UT8,10300,-270.0
V7UT8,10400,0
V7UU2,10300,-360.0
V7UU2,10400,0
V7VN5,10300,-420.0
V7VN5,10400,0
V7ZZ6,10300,-180.0
V7ZZ6,10400,0
VNVS,10300,-160.0
VNVS,10400,0
VRAE5,10300,-170.0
VRAE5,10400,0
VRBH6,10300,-780.0
VRBH6,10400,0
VRBX7,10300,170.0
VRBX7,10400,0
VRCS2,10300,-210.0
VRCS2,10400,0
VRDJ3,10300,510.0
VRDJ3,10400,0
VREK5,10300,-220.0
VREK5,10400,0
VRFU9,10300,510.0
VRFU9,10400,0
VRGE7,10300,-450.0
VRGE7,10400,0
VRGG6,10300,-240.0
VRGG6,10400,0
VRGJ6,10300,-240.0
VRGJ6,10400,0
VRGO2,10300,-300.0
VRGO2,10400,0
VRHM2,10300,-180.0
VRHM2,10400,0
VRHR2,10300,-540.0
VRHR2,10400,0
VRJS2,10300,590.0
VRJS2,10400,0
VRJT8,10300,220.0
VRJT8,10400,0
VRLA6,10300,310.0
VRLA6,10400,0
VRLB7,10300,-630.0
VRLB7,10400,0
VRLD8,10300,180.0
VRLD8,10400,0
VRLJ2,10300,580.0
VRLJ2,10400,0
VRMC9,10300,-320.0
VRMC9,10400,0
VRMM1,10300,-870.0
VRMM1,10400,0
VRMV8,10300,300.0
VRMV8,10400,0
VRNI7,10300,-160.0
VRNI7,10400,0
VRNY5,10300,-160.0
VRNY5,10400,0
VROO4,10300,-350.0
VROO4,10400,0
VROO5,10300,-180.0
VROO5,10400,0
VRPF9,10300,660.0
VRPF9,10400,0
VRPN7,10300,170.0
VRPN7,10400,0
VRPY5,10300,-290.0
VRPY5,10400,0
VRQE9,10300,320.0
VRQE9,10400,0
VRQO7,10300,310.0
VRQO7,10400,0
VRQS4,10300,300.0
VRQS4,10400,0
VRRD6,10300,-190.0
VRRD6,10400,0
VRRI5,10300,260.0
VRRI5,10400,0
VRRL7,10300,550.0
VRRL7,10400,0
VRRW9,10300,-340.0
VRRW9,10400,0
VRRX9,10300,940.0
VRRX9,10400,0
VRSB4,10300,360.0
VRSB4,10400,0
VRTA7,10300,190.0
VRTA7,10400,0
VRVP2,10300,-300.0
VRVP2,10400,0
VRVQ9,10300,430.0
VRVQ9,10400,0
VRWE8,10300,250.0
VRWE8,10400,0
VRWZ5,10300,-480.0
VRWZ5,10400,0
VRXL8,10300,-330.0
VRXL8,10400,0
VRYP3,10300,-260.0
VRYP3,10400,0
VRZP8,10300,160.0
VRZP8,10400,0
VTZJ,10300,-240.0
VTZJ,10400,0
VWSK,10300,160.0
VWSK,10400,0
VWXS,10300,390.0
VWXS,10400,0
WACW,10300,200.0
WACW,10400,0
WBN3008,10300,280.0
WBN3008,10400,0
WCY7054,10300,-240.0
WCY7054,10400,0
WCY9686,10300,-420.0
WCY9686,10400,0
WDC6923,10300,-240.0
WDC6923,10400,0
WDC6925,10300,-260.0
WDC6925,10400,0
WDDI,10300,-190.0
WDDI,10400,0
WDE4433,10300,-490.0
WDE4433,10400,0
WDF7311,10300,-190.0
WDF7311,10400,0
WDG2803,10300,260.0
WDG2803,10400,0
WDH8281,10300,280.0
WDH8281,10400,0
WDJ3192,10300,-260.0
WDJ3192,10400,0
WDJ3199,10300,330.0
WDJ3199,10400,0
WDJ4909,10300,-250.0
WDJ4909,10400,0
WDJ8973,10300,-780.0
WDJ8973,10400,0
WECH,10300,-310.0
WECH,10400,0
WFLH,10300,-230.0
WFLH,10400,0
WGAH,10300,-220.0
WGAH,10400,0
WJBU,10300,360.0
WJBU,10400,0
WLPI,10300,370.0
WLPI,10400,0
WMHA,10300,-160.0
WMHA,10400,0
WPTC,10300,-310.0
WPTC,10400,0
WTDF,10300,-440.0
WTDF,10400,0
WYP8657,10300,160.0
WYP8657,10400,0
WZZF,10300,-340.0
WZZF,10400,0
ZCDG8,10300,200.0
ZCDG8,10400,0
AALAG,0,0
AALAG,10800,250.0
AALAG,10900,0
AASKY,0,0
AASKY,10800,460.0
AASKY,10900,0
AAUN1,0,0
AAUN1,10800,790.0
AAUN1,10900,0
AAUN2,0,0
AAUN2,10800,960.0
AAUN2,10900,0
AHW,0,0
AHW,10800,-250.0
AHW,10900,0
AKB,0,0
AKB,10800,640.0
AKB,10900,0
AUR,0,0
AUR,10800,-160.0
AUR,10900,0
AYN,0,0
AYN,10800,-1640.0
AYN,10900,0
BBS,0,0
BBS,10800,-2780.0
BBS,10900,0
BCS,0,0
BCS,10800,-2670.0
BCS,10900,0
BDK,0,0
BDK,10800,-490.0
BDK,10900,0
BGK,0,0
BGK,10800,160.0
BGK,10900,0
BHT,0,0
BHT,10800,-2500.0
BHT,10900,0
BLH,0,0
BLH,10800,-460.0
BLH,10900,0
BOP,0,0
BOP,10800,-2520.0
BOP,10900,0
BRA,0,0
BRA,10800,-2780.0
BRA,10900,0
BUI,0,0
BUI,10800,-330.0
BUI,10900,0
CDW,0,0
CDW,10800,1750.0
CDW,10900,0
CHO,0,0
CHO,10800,-190.0
CHO,10900,0
COI,0,0
COI,10800,210.0
COI,10900,0
CTH,0,0
CTH,10800,-4950.0
CTH,10900,0
CUK,0,0
CUK,10800,-2510.0
CUK,10900,0
DAP,0,0
DAP,10800,970.0
DAP,10900,0
DHW,0,0
DHW,10800,2090.0
DHW,10900,0
DUL,0,0
DUL,10800,-280.0
DUL,10900,0
DVD,0,0
DVD,10800,1030.0
DVD,10900,0
ELA,0,0
ELA,10800,920.0
ELA,10900,0
FRG,0,0
FRG,10800,-310.0
FRG,10900,0
GCR,0,0
GCR,10800,-310.0
GCR,10900,0
GLP,0,0
GLP,10800,180.0
GLP,10900,0
GND,0,0
GND,10800,-440.0
GND,10900,0
HNT,0,0
HNT,10800,-240.0
HNT,10900,0
IDE,0,0
IDE,10800,-180.0
IDE,10900,0
JFR,0,0
JFR,10800,-2600.0
JFR,10900,0
JLD,0,0
JLD,10800,-400.0
JLD,10900,0
JLW,0,0
JLW,10800,2160.0
JLW,10900,0
KAJ,0,0
KAJ,10800,-240.0
KAJ,10900,0
KCP,0,0
KCP,10800,210.0
KCP,10900,0
KHG,0,0
KHG,10800,-550.0
KHG,10900,0
KIR,0,0
KIR,10800,-320.0
KIR,10900,0
KRD,0,0
KRD,10800,-2640.0
KRD,10900,0
KRM,0,0
KRM,10800,-2510.0
KRM,10900,0
KWR,0,0
KWR,10800,-2530.0
KWR,10900,0
MAL,0,0
MAL,10800,2930.0
MAL,10900,0
MAT,0,0
MAT,10800,-2470.0
MAT,10900,0
MGP,0,0
MGP,10800,-2750.0
MGP,10900,0
MNS,0,0
MNS,10800,-190.0
MNS,10900,0
MPT,0,0
MPT,10800,-440.0
MPT,10900,0
MRD,0,0
MRD,10800,980.0
MRD,10900,0
NCM,0,0
NCM,10800,-2780.0
NCM,10900,0
NEY,0,0
NEY,10800,-210.0
NEY,10900,0
NJG,0,0
NJG,10800,-2620.0
NJG,10900,0
NNB,0,0
NNB,10800,250.0
NNB,10900,0
NVL,0,0
NVL,10800,-270.0
NVL,10900,0
PAN,0,0
PAN,10800,-200.0
PAN,10900,0
PAT,0,0
PAT,10800,-220.0
PAT,10900,0
PAY,0,0
PAY,10800,160.0
PAY,10900,0
PBR,0,0
PBR,10800,-200.0
PBR,10900,0
PKL,0,0
PKL,10800,180.0
PKL,10900,0
PRU,0,0
PRU,10800,920.0
PRU,10900,0
PSA,0,0
PSA,10800,-2520.0
PSA,10900,0
RAH,0,0
RAH,10800,2830.0
RAH,10900,0
RGJ,0,0
RGJ,10800,-250.0
RGJ,10900,0
RNI,0,0
RNI,10800,2700.0
RNI,10900,0
SCD,0,0
SCD,10800,-2670.0
SCD,10900,0
SMB,0,0
SMB,10800,2580.0
SMB,10900,0
TLK,0,0
TLK,10800,-990.0
TLK,10900,0
TRU,0,0
TRU,10800,-200.0
TRU,10900,0
UDU,0,0
UDU,10800,650.0
UDU,10900,0
UNA,0,0
UNA,10800,-250.0
UNA,10900,0
UPR,0,0
UPR,10800,-4790.0
UPR,10900,0
VDN,0,0
VDN,10800,4890.0
VDN,10900,0
WGL,0,0
WGL,10800,-220.0
WGL,10900,0
01036,11600,170.0
01036,11601,0
01047,11600,-170.0
01047,11601,0
01199,11600,-180.0
01199,11601,0
01238,11600,220.0
01238,11601,0
01338,11600,220.0
01338,11601,0
01389,11600,-210.0
01389,11601,0
01397,11600,-150.0
01397,11601,0
01424,11600,-420.0
01424,11601,0
02801,11600,-160.0
02801,11601,0
04205,11600,-170.0
04205,11601,0
04231,11600,-180.0
04231,11601,0
04373,11600,180.0
04373,11601,0
06472,11600,-160.0
06472,11601,0
07570,11600,-180.0
07570,11601,0
08348,11600,-150.0
08348,11601,0
13591,11600,-150.0
13591,11601,0
13601,11600,340.0
13601,11601,0
16107,11600,-470.0
16107,11601,0
16190,11600,530.0
16190,11601,0
16314,11600,-240.0
16314,11601,0
17297,11600,190.0
17297,11601,0
17540,11600,-190.0
17540,11601,0
21931,11600,290.0
21931,11601,0
21937,11600,-220.0
21937,11601,0
23982,11600,-210.0
23982,11601,0
24136,11600,-240.0
24136,11601,0
24263,11600,-250.0
24263,11601,0
24266,11600,-430.0
24266,11601,0
24322,11600,-280.0
24322,11601,0
24338,11600,-280.0
24338,11601,0
24382,11600,-420.0
24382,11601,0
24661,11600,-320.0
24661,11601,0
24724,11600,-180.0
24724,11601,0
24725,11600,-180.0
24725,11601,0
24726,11600,-220.0
24726,11601,0
24758,11600,-260.0
24758,11601,0
24768,11600,-180.0
24768,11601,0
24826,11600,-200.0
24826,11601,0
24843,11600,-180.0
24843,11601,0
24871,11600,-260.0
24871,11601,0
24951,11600,-210.0
24951,11601,0
24962,11600,-170.0
24962,11601,0
25138,11600,-340.0
25138,11601,0
25428,11600,-450.0
25428,11601,0
25503,11600,-350.0
25503,11601,0
25703,11600,-350.0
25703,11601,0
25705,11600,-400.0
25705,11601,0
28867,11600,-170.0
28867,11601,0
28978,11600,-170.0
28978,11601,0
29274,11600,-170.0
29274,11601,0
29276,11600,-160.0
29276,11601,0
29485,11600,-180.0
29485,11601,0
29562,11600,-150.0
29562,11601,0
29654,11600,-170.0
29654,11601,0
29736,11600,-150.0
29736,11601,0
29768,11600,-190.0
29768,11601,0
30967,11600,-550.0
30967,11601,0
31054,11600,-330.0
31054,11601,0
31253,11600,-200.0
31253,11601,0
31348,11600,-180.0
31348,11601,0
31532,11600,-260.0
31532,11601,0
31534,11600,-210.0
31534,11601,0
31702,11600,-150.0
31702,11601,0
33678,11600,-160.0
33678,11601,0
33886,11600,180.0
33886,11601,0
34083,11600,270.0
34083,11601,0
35026,11600,-180.0
35026,11601,0
35078,11600,-160.0
35078,11601,0
35092,11600,-200.0
35092,11601,0
35188,11600,-160.0
35188,11601,0
35284,11600,-180.0
35284,11601,0
35334,11600,-190.0
35334,11601,0
35475,11600,-280.0
35475,11601,0
35671,11600,-180.0
35671,11601,0
35796,11600,-210.0
35796,11601,0
36012,11600,-150.0
36012,11601,0
36034,11600,-160.0
36034,11601,0
36197,11600,-150.0
36197,11601,0
36341,11600,-320.0
36341,11601,0
36394,11600,-280.0
36394,11601,0
36729,11600,-220.0
36729,11601,0
37279,11600,-540.0
37279,11601,0
37575,11600,-350.0
37575,11601,0
38403,11600,270.0
38403,11601,0
38847,11600,-170.0
38847,11601,0
38944,11600,620.0
38944,11601,0
40030,11600,-260.0
40030,11601,0
40265,11600,-170.0
40265,11601,0
40611,11600,-330.0
40611,11601,0
40621,11600,170.0
40621,11601,0
40622,11600,190.0
40622,11601,0
40623,11600,-170.0
40623,11601,0
40629,11600,-260.0
40629,11601,0
40633,11600,-480.0
40633,11601,0
40691,11600,-280.0
40691,11601,0
40738,11600,-150.0
40738,11601,0
40829,11600,-200.0
40829,11601,0
40859,11600,210.0
40859,11601,0
40877,11600,350.0
40877,11601,0
41242,11600,-180.0
41242,11601,0
41265,11600,190.0
41265,11601,0
41927,11600,150.0
41927,11601,0
42328,11600,210.0
42328,11601,0
42367,11600,-260.0
42367,11601,0
42463,11600,-250.0
42463,11601,0
42483,11600,-160.0
42483,11601,0
42894,11600,-350.0
42894,11601,0
42948,11600,-340.0
42948,11601,0
43083,11600,250.0
43083,11601,0
43109,11600,-190.0
43109,11601,0
43110,11600,330.0
43110,11601,0
43133,11600,-760.0
43133,11601,0
43212,11600,280.0
43212,11601,0
43291,11600,-400.0
43291,11601,0
43309,11600,-180.0
43309,11601,0
43310,11600,160.0
43310,11601,0
44406,11600,210.0
44406,11601,0
44409,11600,210.0
44409,11601,0
47020,11600,240.0
47020,11601,0
47037,11600,350.0
47037,11601,0
47061,11600,160.0
47061,11601,0
47068,11600,180.0
47068,11601,0
48064,11600,250.0
48064,11601,0
48077,11600,190.0
48077,11601,0
48302,11600,200.0
48302,11601,0
48379,11600,170.0
48379,11601,0
48458,11600,-200.0
48458,11601,0
48555,11600,-200.0
48555,11601,0
48866,11600,-160.0
48866,11601,0
48952,11600,-240.0
48952,11601,0
48957,11600,160.0
48957,11601,0
50548,11600,-150.0
50548,11601,0
51053,11600,-260.0
51053,11601,0
51076,11600,-340.0
51076,11601,0
51133,11600,-190.0
51133,11601,0
51243,11600,-330.0
51243,11601,0
51334,11600,-290.0
51334,11601,0
51379,11600,-500.0
51379,11601,0
51573,11600,-160.0
51573,11601,0
52112,11600,-220.0
52112,11601,0
53845,11600,-180.0
53845,11601,0
54218,11600,-270.0
54218,11601,0
56287,11600,-170.0
56287,11601,0
56739,11600,-270.0
56739,11601,0
57025,11600,-170.0
57025,11601,0
57745,11600,-160.0
57745,11601,0
57832,11600,-170.0
57832,11601,0
57845,11600,-160.0
57845,11601,0
57853,11600,-180.0
57853,11601,0
57916,11600,-200.0
57916,11601,0
57922,11600,-160.0
57922,11601,0
60355,11600,170.0
60355,11601,0
60419,11600,-160.0
60419,11601,0
60518,11600,240.0
60518,11601,0
60729,11600,-160.0
60729,11601,0
61781,11600,750.0
61781,11601,0
62161,11600,200.0
62161,11601,0
62271,11600,-390.0
62271,11601,0
62393,11600,-170.0
62393,11601,0
62452,11600,-160.0
62452,11601,0
62455,11600,-310.0
62455,11601,0
64810,11600,-170.0
64810,11601,0
64851,11600,-230.0
64851,11601,0
65046,11600,-460.0
65046,11601,0
65123,11600,450.0
65123,11601,0
65125,11600,-270.0
65125,11601,0
65215,11600,-290.0
65215,11601,0
65416,11600,-170.0
65416,11601,0
65562,11600,-160.0
65562,11601,0
65563,11600,150.0
65563,11601,0
67273,11600,360.0
67273,11601,0
67335,11600,220.0
67335,11601,0
68098,11600,-180.0
68098,11601,0
68926,11600,-170.0
68926,11601,0
70194,11600,-180.0
70194,11601,0
71024,11600,-160.0
71024,11601,0
71043,11600,-210.0
71043,11601,0
71044,11600,-320.0
71044,11601,0
71056,11600,-240.0
71056,11601,0
71064,11600,-190.0
71064,11601,0
71077,11600,-190.0
71077,11601,0
71132,11600,-160.0
71132,11601,0
71148,11600,-260.0
71148,11601,0
71160,11600,-150.0
71160,11601,0
71163,11600,-180.0
71163,11601,0
71164,11600,-340.0
71164,11601,0
71165,11600,-250.0
71165,11601,0
71282,11600,210.0
71282,11601,0
71307,11600,-500.0
71307,11601,0
71310,11600,-190.0
71310,11601,0
71319,11600,160.0
71319,11601,0
71321,11600,-220.0
71321,11601,0
71337,11600,160.0
71337,11601,0
71403,11600,200.0
71403,11601,0
71406,11600,210.0
71406,11601,0
71419,11600,160.0
71419,11601,0
71421,11600,-210.0
71421,11601,0
71470,11600,-220.0
71470,11601,0
71479,11600,290.0
71479,11601,0
71480,11600,-170.0
71480,11601,0
71488,11600,260.0
71488,11601,0
71490,11600,-310.0
71490,11601,0
71492,11600,-250.0
71492,11601,0
71502,11600,280.0
71502,11601,0
71560,11600,-200.0
71560,11601,0
71594,11600,-160.0
71594,11601,0
71613,11600,-320.0
71613,11601,0
71694,11600,-150.0
71694,11601,0
71820,11600,-330.0
71820,11601,0
71826,11600,-320.0
71826,11601,0
71869,11600,-180.0
71869,11601,0
71872,11600,670.0
71872,11601,0
71876,11600,-190.0
71876,11601,0
71917,11600,-300.0
71917,11601,0
71931,11600,160.0
71931,11601,0
71936,11600,-190.0
71936,11601,0
71971,11600,-360.0
71971,11601,0
71978,11600,-350.0
71978,11601,0
72370,11600,190.0
72370,11601,0
73015,11600,-150.0
73015,11601,0
76061,11600,-160.0
76061,11601,0
76243,11600,-170.0
76243,11601,0
76640,11600,-190.0
76640,11601,0
76658,11600,-200.0
76658,11601,0
76855,11600,-180.0
76855,11601,0
78650,11600,160.0
78650,11601,0
78655,11600,420.0
78655,11601,0
78700,11600,-260.0
78700,11601,0
78706,11600,150.0
78706,11601,0
78707,11600,-170.0
78707,11601,0
78720,11600,-230.0
78720,11601,0
80036,11600,-260.0
80036,11601,0
80097,11600,-290.0
80097,11601,0
80099,11600,620.0
80099,11601,0
80234,11600,-180.0
80234,11601,0
80315,11600,240.0
80315,11601,0
80410,11600,-330.0
80410,11601,0
80416,11600,-170.0
80416,11601,0
82181,11600,-220.0
82181,11601,0
82246,11600,-170.0
82246,11601,0
82353,11600,350.0
82353,11601,0
82445,11600,-210.0
82445,11601,0
82460,11600,-160.0
82460,11601,0
82562,11600,-160.0
82562,11601,0
82765,11600,-270.0
82765,11601,0
82861,11600,260.0
82861,11601,0
82979,11600,-190.0
82979,11601,0
83228,11600,170.0
83228,11601,0
83235,11600,160.0
83235,11601,0
83270,11600,-230.0
83270,11601,0
83319,11600,-260.0
83319,11601,0
83332,11600,170.0
83332,11601,0
83358,11600,220.0
83358,11601,0
83442,11600,290.0
83442,11601,0
83676,11600,-270.0
83676,11601,0
83919,11600,-160.0
83919,11601,0
83980,11600,190.0
83980,11601,0
84010,11600,250.0
84010,11601,0
84063,11600,-310.0
84063,11601,0
84099,11600,-170.0
84099,11601,0
84377,11600,-370.0
84377,11601,0
84425,11600,-390.0
84425,11601,0
85175,11600,-200.0
85175,11601,0
85196,11600,-340.0
85196,11601,0
85210,11600,-320.0
85210,11601,0
85247,11600,-330.0
85247,11601,0
85268,11600,-300.0
85268,11601,0
85467,11600,-200.0
85467,11601,0
86097,11600,-270.0
86097,11601,0
86185,11600,280.0
86185,11601,0
86210,11600,180.0
86210,11601,0
86430,11600,-150.0
86430,11601,0
86565,11600,150.0
86565,11601,0
87784,11600,-150.0
87784,11601,0
89003,11600,-280.0
89003,11601,0
89061,11600,330.0
89061,11601,0
89345,11600,810.0
89345,11601,0
89377,11600,-220.0
89377,11601,0
89514,11600,410.0
89514,11601,0
89832,11600,250.0
89832,11601,0
89879,11600,810.0
89879,11601,0
91203,11600,-220.0
91203,11601,0
91553,11600,-160.0
91553,11601,0
94673,11600,230.0
94673,11601,0
96001,11600,-170.0
96001,11601,0
96087,11600,-210.0
96087,11601,0
96207,11600,-480.0
96207,11601,0
96505,11600,-700.0
96505,11601,0
96565,11600,-170.0
96565,11601,0
96655,11600,-200.0
96655,11601,0
96781,11600,-490.0
96781,11601,0
97146,11600,-180.0
97146,11601,0
97192,11600,-240.0
97192,11601,0
97378,11600,-540.0
97378,11601,0
97686,11600,-900.0
97686,11601,0
97780,11600,180.0
97780,11601,0
98328,11600,250.0
98328,11601,0
98334,11600,-180.0
98334,11601,0
2101634,11700,-440.0
2101634,11800,0
2201561,11700,-220.0
2201561,11800,0
2301708,11700,-500.0
2301708,11800,0
2AUO5,11700,-150.0
2AUO5,11800,0
2GNG3,11700,-670.0
2GNG3,11800,0
2HDF9,11700,290.0
2HDF9,11800,0
2HDG4,11700,290.0
2HDG4,11800,0
2IYF8,11700,-160.0
2IYF8,11800,0
3101538,11700,-520.0
3101538,11800,0
3101546,11700,-210.0
3101546,11800,0
3101547,11700,-280.0
3101547,11800,0
3101548,11700,-260.0
3101548,11800,0
3101550,11700,-200.0
3101550,11800,0
3EBL5,11700,-240.0
3EBL5,11800,0
3ENU5,11700,-290.0
3ENU5,11800,0
3FOA6,11700,330.0
3FOA6,11800,0
4301502,11700,260.0
4301502,11800,0
4301560,11700,-200.0
4301560,11800,0
4400009,11700,370.0
4400009,11800,0
4400029,11700,230.0
4400029,11800,0
4400032,11700,180.0
4400032,11800,0
4400058,11700,-300.0
4400058,11800,0
44009,11700,370.0
44009,11800,0
4401861,11700,480.0
4401861,11800,0
44029,11700,230.0
44029,11800,0
44032,11700,180.0
44032,11800,0
44058,11700,-300.0
44058,11800,0
4601664,11700,-340.0
4601664,11800,0
4802503,11700,-150.0
4802503,11800,0
5301574,11700,190.0
5301574,11800,0
5601568,11700,-170.0
5601568,11800,0
62141,11700,230.0
62141,11800,0
7100061,11700,180.0
7100061,11800,0
7KBD,11700,180.0
7KBD,11800,0
7KDG,11700,260.0
7KDG,11800,0
9HA2280,11700,-600.0
9HA2280,11800,0
9HA3667,11700,-870.0
9HA3667,11800,0
9HA3731,11700,-460.0
9HA3731,11800,0
9HA3851,11700,-240.0
9HA3851,11800,0
9HA4330,11700,420.0
9HA4330,11800,0
9HA4455,11700,-180.0
9HA4455,11800,0
9HA4612,11700,-230.0
9HA4612,11800,0
9HA4800,11700,-250.0
9HA4800,11800,0
9HA4991,11700,-170.0
9HA4991,11800,0
9HA5063,11700,290.0
9HA5063,11800,0
9HJB9,11700,-360.0
9HJB9,11800,0
9HJD9,11700,-190.0
9HJD9,11800,0
9HJF9,11700,-310.0
9HJF9,11800,0
9HOB8,11700,150.0
9HOB8,11800,0
9V2730,11700,-180.0
9V2730,11800,0
9V3533,11700,-360.0
9V3533,11800,0
9V5294,11700,-150.0
9V5294,11800,0
9V6171,11700,-260.0
9V6171,11800,0
9V6539,11700,270.0
9V6539,11800,0
9V8827,11700,-330.0
9V8827,11800,0
9V9399,11700,610.0
9V9399,11800,0
9V9450,11700,-420.0
9V9450,11800,0
9V9558,11700,-330.0
9V9558,11800,0
9VKQ2,11700,190.0
9VKQ2,11800,0
A8FZ6,11700,-190.0
A8FZ6,11800,0
A8JX9,11700,-420.0
A8JX9,11800,0
A8PQ3,11700,-300.0
A8PQ3,11800,0
ATVK,11700,-320.0
ATVK,11800,0
AUTV,11700,-270.0
AUTV,11800,0
AUXE,11700,-220.0
AUXE,11800,0
AVBC,11700,300.0
AVBC,11800,0
BBXX AUX,11700,-220.0
BBXX AUX,11800,0
BBXX VTZ,11700,-240.0
BBXX VTZ,11800,0
BBXX VWS,11700,150.0
BBXX VWS,11800,0
BBXX VWX,11700,390.0
BBXX VWX,11800,0
C6AP3,11700,-220.0
C6AP3,11800,0
C6AP4,11700,180.0
C6AP4,11800,0
C6AV5,11700,220.0
C6AV5,11800,0
C6AX3,11700,-180.0
C6AX3,11800,0
C6BC8,11700,-190.0
C6BC8,11800,0
C6BR3,11700,-410.0
C6BR3,11800,0
C6CS9,11700,270.0
C6CS9,11800,0
C6DD6,11700,-350.0
C6DD6,11800,0
C6DP5,11700,-160.0
C6DP5,11800,0
C6DP6,11700,-310.0
C6DP6,11800,0
C6DP7,11700,-170.0
C6DP7,11800,0
C6DP9,11700,-210.0
C6DP9,11800,0
C6DQ2,11700,-400.0
C6DQ2,11800,0
C6DQ5,11700,-150.0
C6DQ5,11800,0
C6ED4,11700,-880.0
C6ED4,11800,0
C6FM9,11700,230.0
C6FM9,11800,0
C6FU4,11700,-460.0
C6FU4,11800,0
C6FV8,11700,520.0
C6FV8,11800,0
C6FW9,11700,-280.0
C6FW9,11800,0
C6LG6,11700,310.0
C6LG6,11800,0
C6RN3,11700,-520.0
C6RN3,11800,0
C6SE3,11700,-220.0
C6SE3,11800,0
C6SI4,11700,210.0
C6SI4,11800,0
C6SW3,11700,230.0
C6SW3,11800,0
C6UZ6,11700,-350.0
C6UZ6,11800,0
C6VG7,11700,270.0
C6VG7,11800,0
C6YM5,11700,-160.0
C6YM5,11800,0
C6YM6,11700,-170.0
C6YM6,11800,0
C6YZ5,11700,190.0
C6YZ5,11800,0
C6ZJ4,11700,190.0
C6ZJ4,11800,0
CCAQ,11700,500.0
CCAQ,11800,0
CPR,11700,390.0
CPR,11800,0
D5DG4,11700,280.0
D5DG4,11800,0
D5HF2,11700,310.0
D5HF2,11800,0
D5KQ6,11700,-330.0
D5KQ6,11800,0
D5KQ9,11700,240.0
D5KQ9,11800,0
D5KR9,11700,280.0
D5KR9,11800,0
D5LB5,11700,170.0
D5LB5,11800,0
D5LB8,11700,-380.0
D5LB8,11800,0
D5LJ2,11700,-390.0
D5LJ2,11800,0
D5LR3,11700,310.0
D5LR3,11800,0
D5LW6,11700,350.0
D5LW6,11800,0
D5LW7,11700,-340.0
D5LW7,11800,0
D5OY6,11700,-170.0
D5OY6,11800,0
D5UA3,11700,170.0
D5UA3,11800,0
DACF,11700,240.0
DACF,11800,0
DUIP,11700,510.0
DUIP,11800,0
ELQQ4,11700,230.0
ELQQ4,11800,0
FNUY,11700,250.0
FNUY,11800,0
FOUD,11700,310.0
FOUD,11800,0
H3GR,11700,-370.0
H3GR,11800,0
H3VU,11700,-370.0
H3VU,11800,0
HPYE,11700,-170.0
HPYE,11800,0
IBJD,11700,-180.0
IBJD,11800,0
J8QX8,11700,-170.0
J8QX8,11800,0
J8QX9,11700,-190.0
J8QX9,11800,0
KCDK,11700,170.0
KCDK,11800,0
KIYI,11700,210.0
KIYI,11800,0
KLUX,11700,-150.0
KLUX,11800,0
LAQL7,11700,-300.0
LAQL7,11800,0
LOCX,11700,250.0
LOCX,11800,0
MBFI9,11700,-270.0
MBFI9,11800,0
MBQB5,11700,180.0
MBQB5,11800,0
MEYE7,11700,180.0
MEYE7,11800,0
N260,11700,-160.0
N260,11800,0
OUIY2,11700,-760.0
OUIY2,11800,0
OYIK2,11700,520.0
OYIK2,11800,0
OZ2049,11700,740.0
OZ2049,11800,0
OZDA2,11700,-330.0
OZDA2,11800,0
PBGJ,11700,710.0
PBGJ,11800,0
PBWQ,11700,-290.0
PBWQ,11800,0
PDHU,11700,-400.0
PDHU,11800,0
S6LT3,11700,420.0
S6LT3,11800,0
TBWUK52,11700,260.0
TBWUK52,11800,0
TBWUK69,11700,240.0
TBWUK69,11800,0
TFNA,11700,170.0
TFNA,11800,0
UAEV,11700,-270.0
UAEV,11800,0
UASP,11700,-270.0
UASP,11800,0
UBSH5,11700,310.0
UBSH5,11800,0
UFJN,11700,370.0
UFJN,11800,0
UIFY,11700,550.0
UIFY,11800,0
V7A2563,11700,-300.0
V7A2563,11800,0
V7EQ4,11700,-190.0
V7EQ4,11800,0
V7FK6,11700,-330.0
V7FK6,11800,0
V7GR8,11700,-220.0
V7GR8,11800,0
V7IG7,11700,-150.0
V7IG7,11800,0
V7KC3,11700,-180.0
V7KC3,11800,0
V7LE8,11700,250.0
V7LE8,11800,0
V7UT8,11700,-270.0
V7UT8,11800,0
V7UU2,11700,-360.0
V7UU2,11800,0
V7VN5,11700,-420.0
V7VN5,11800,0
V7ZZ6,11700,-180.0
V7ZZ6,11800,0
VNVS,11700,-160.0
VNVS,11800,0
VRAE5,11700,-170.0
VRAE5,11800,0
VRBH6,11700,-780.0
VRBH6,11800,0
VRBX7,11700,170.0
VRBX7,11800,0
VRCS2,11700,-210.0
VRCS2,11800,0
VRDJ3,11700,510.0
VRDJ3,11800,0
VREK5,11700,-220.0
VREK5,11800,0
VRFU9,11700,510.0
VRFU9,11800,0
VRGE7,11700,-450.0
VRGE7,11800,0
VRGG6,11700,-240.0
VRGG6,11800,0
VRGJ6,11700,-240.0
VRGJ6,11800,0
VRGO2,11700,-300.0
VRGO2,11800,0
VRHM2,11700,-180.0
VRHM2,11800,0
VRHR2,11700,-540.0
VRHR2,11800,0
VRJS2,11700,590.0
VRJS2,11800,0
VRJT8,11700,220.0
VRJT8,11800,0
VRLA6,11700,310.0
VRLA6,11800,0
VRLB7,11700,-630.0
VRLB7,11800,0
VRLD8,11700,180.0
VRLD8,11800,0
VRLJ2,11700,580.0
VRLJ2,11800,0
VRMC9,11700,-320.0
VRMC9,11800,0
VRMM1,11700,-870.0
VRMM1,11800,0
VRMV8,11700,300.0
VRMV8,11800,0
VRNI7,11700,-160.0
VRNI7,11800,0
VRNY5,11700,-160.0
VRNY5,11800,0
VROO4,11700,-350.0
VROO4,11800,0
VROO5,11700,-180.0
VROO5,11800,0
VRPF9,11700,660.0
VRPF9,11800,0
VRPN7,11700,170.0
VRPN7,11800,0
VRPY5,11700,-290.0
VRPY5,11800,0
VRQE9,11700,320.0
VRQE9,11800,0
VRQO7,11700,310.0
VRQO7,11800,0
VRQS4,11700,300.0
VRQS4,11800,0
VRRD6,11700,-190.0
VRRD6,11800,0
VRRI5,11700,260.0
VRRI5,11800,0
VRRL7,11700,550.0
VRRL7,11800,0
VRRW9,11700,-340.0
VRRW9,11800,0
VRRX9,11700,940.0
VRRX9,11800,0
VRSB4,11700,360.0
VRSB4,11800,0
VRTA7,11700,190.0
VRTA7,11800,0
VRVP2,11700,-300.0
VRVP2,11800,0
VRVQ9,11700,430.0
VRVQ9,11800,0
VRWE8,11700,250.0
VRWE8,11800,0
VRWZ5,11700,-480.0
VRWZ5,11800,0
VRXL8,11700,-330.0
VRXL8,11800,0
VRYP3,11700,-260.0
VRYP3,11800,0
VRZP8,11700,160.0
VRZP8,11800,0
VTZJ,11700,-240.0
VTZJ,11800,0
VWSK,11700,160.0
VWSK,11800,0
VWXS,11700,390.0
VWXS,11800,0
WACW,11700,200.0
WACW,11800,0
WBN3008,11700,280.0
WBN3008,11800,0
WCY7054,11700,-240.0
WCY7054,11800,0
WCY9686,11700,-420.0
WCY9686,11800,0
WDC6923,11700,-240.0
WDC6923,11800,0
WDC6925,11700,-260.0
WDC6925,11800,0
WDDI,11700,-190.0
WDDI,11800,0
WDE4433,11700,-490.0
WDE4433,11800,0
WDF7311,11700,-190.0
WDF7311,11800,0
WDG2803,11700,260.0
WDG2803,11800,0
WDH8281,11700,280.0
WDH8281,11800,0
WDJ3192,11700,-260.0
WDJ3192,11800,0
WDJ3199,11700,330.0
WDJ3199,11800,0
WDJ4909,11700,-250.0
WDJ4909,11800,0
WDJ8973,11700,-780.0
WDJ8973,11800,0
WECH,11700,-310.0
WECH,11800,0
WFLH,11700,-230.0
WFLH,11800,0
WGAH,11700,-220.0
WGAH,11800,0
WJBU,11700,360.0
WJBU,11800,0
WLPI,11700,370.0
WLPI,11800,0
WMHA,11700,-160.0
WMHA,11800,0
WPTC,11700,-310.0
WPTC,11800,0
WTDF,11700,-440.0
WTDF,11800,0
WYP8657,11700,160.0
WYP8657,11800,0
WZZF,11700,-340.0
WZZF,11800,0
ZCDG8,11700,200.0
ZCDG8,11800,0
