station_id@MetaData,ops_obstype@MetaData,stationPressure@ObsBias
string,int,float
_,0,0
01102,0,0
01102,10100,230.0
01102,10200,0
01245,0,0
01245,10100,-210.0
01245,10200,0
01277,0,0
01277,10100,-920.0
01277,10200,0
02460,0,0
02460,10100,170.0
02460,10200,0
02607,0,0
02607,10100,-240.0
02607,10200,0
04272,0,0
04272,10100,280.0
04272,10200,0
04330,0,0
04330,10100,-410.0
04330,10200,0
06239,0,0
06239,10100,-300.0
06239,10200,0
06458,0,0
06458,10100,-170.0
06458,10200,0
06759,0,0
06759,10100,200.0
06759,10200,0
07560,0,0
07560,10100,150.0
07560,10200,0
08226,0,0
08226,10100,1010.0
08226,10200,0
08261,0,0
08261,10100,-150.0
08261,10200,0
10453,0,0
10453,10100,160.0
10453,10200,0
11072,0,0
11072,10100,-390.0
11072,10200,0
11148,0,0
11148,10100,-540.0
11148,10200,0
11266,0,0
11266,10100,240.0
11266,10200,0
11274,0,0
11274,10100,-460.0
11274,10200,0
11298,0,0
11298,10100,470.0
11298,10200,0
11933,0,0
11933,10100,-330.0
11933,10200,0
12310,0,0
12310,10100,360.0
12310,10200,0
12580,0,0
12580,10100,170.0
12580,10200,0
13493,0,0
13493,10100,-170.0
13493,10200,0
13571,0,0
13571,10100,-190.0
13571,10200,0
13576,0,0
13576,10100,430.0
13576,10200,0
13601,0,0
13601,10100,170.0
13601,10200,0
13611,0,0
13611,10100,720.0
13611,10200,0
13615,0,0
13615,10100,-650.0
13615,10200,0
14235,0,0
14235,10100,190.0
14235,10200,0
14443,0,0
14443,10100,-260.0
14443,10200,0
16021,0,0
16021,10100,220.0
16021,10200,0
16058,0,0
16058,10100,230.0
16058,10200,0
16059,0,0
16059,10100,180.0
16059,10200,0
16060,0,0
16060,10100,-170.0
16060,10200,0
16066,0,0
16066,10100,300.0
16066,10200,0
16111,0,0
16111,10100,-200.0
16111,10200,0
16121,0,0
16121,10100,720.0
16121,10200,0
16123,0,0
16123,10100,-220.0
16123,10200,0
16129,0,0
16129,10100,3600.0
16129,10200,0
16171,0,0
16171,10100,250.0
16171,10200,0
16179,0,0
16179,10100,190.0
16179,10200,0
16197,0,0
16197,10100,160.0
16197,10200,0
16204,0,0
16204,10100,-280.0
16204,10200,0
16239,0,0
16239,10100,310.0
16239,10200,0
16244,0,0
16244,10100,150.0
16244,10200,0
16258,0,0
16258,10100,270.0
16258,10200,0
16289,0,0
16289,10100,210.0
16289,10200,0
16314,0,0
16314,10100,-160.0
16314,10200,0
16344,0,0
16344,10100,250.0
16344,10200,0
16364,0,0
16364,10100,240.0
16364,10200,0
16365,0,0
16365,10100,-270.0
16365,10200,0
16405,0,0
16405,10100,-160.0
16405,10200,0
16416,0,0
16416,10100,880.0
16416,10200,0
16436,0,0
16436,10100,-1020.0
16436,10200,0
16450,0,0
16450,10100,720.0
16450,10200,0
17059,0,0
17059,10100,150.0
17059,10200,0
17109,0,0
17109,10100,160.0
17109,10200,0
17202,0,0
17202,10100,210.0
17202,10200,0
17203,0,0
17203,10100,-430.0
17203,10200,0
17282,0,0
17282,10100,850.0
17282,10200,0
17297,0,0
17297,10100,190.0
17297,10200,0
17521,0,0
17521,10100,-1990.0
17521,10200,0
21931,0,0
21931,10100,320.0
21931,10200,0
21982,0,0
21982,10100,190.0
21982,10200,0
22004,0,0
22004,10100,200.0
22004,10200,0
22312,0,0
22312,10100,160.0
22312,10200,0
22695,0,0
22695,10100,-440.0
22695,10200,0
23256,0,0
23256,10100,260.0
23256,10200,0
23503,0,0
23503,10100,-160.0
23503,10200,0
23891,0,0
23891,10100,-240.0
23891,10200,0
24076,0,0
24076,10100,-210.0
24076,10200,0
24266,0,0
24266,10100,-210.0
24266,10200,0
24329,0,0
24329,10100,-150.0
24329,10200,0
24361,0,0
24361,10100,-190.0
24361,10200,0
24371,0,0
24371,10100,-250.0
24371,10200,0
24462,0,0
24462,10100,-240.0
24462,10200,0
24507,0,0
24507,10100,190.0
24507,10200,0
24585,0,0
24585,10100,-540.0
24585,10200,0
24588,0,0
24588,10100,-300.0
24588,10200,0
24671,0,0
24671,10100,-260.0
24671,10200,0
25138,0,0
25138,10100,-190.0
25138,10200,0
25206,0,0
25206,10100,170.0
25206,10200,0
25503,0,0
25503,10100,-180.0
25503,10200,0
25707,0,0
25707,10100,-240.0
25707,10200,0
25715,0,0
25715,10100,-170.0
25715,10200,0
25808,0,0
25808,10100,-270.0
25808,10200,0
26825,0,0
26825,10100,210.0
26825,10200,0
28952,0,0
28952,10100,-240.0
28952,10200,0
30433,0,0
30433,10100,-210.0
30433,10200,0
30622,0,0
30622,10100,-210.0
30622,10200,0
30636,0,0
30636,10100,-170.0
30636,10200,0
31123,0,0
31123,10100,-220.0
31123,10200,0
31510,0,0
31510,10100,530.0
31510,10200,0
32477,0,0
32477,10100,190.0
32477,10200,0
33135,0,0
33135,10100,-270.0
33135,10200,0
33745,0,0
33745,10100,580.0
33745,10200,0
33815,0,0
33815,10100,-170.0
33815,10200,0
33886,0,0
33886,10100,-1210.0
33886,10200,0
34727,0,0
34727,10100,240.0
34727,10200,0
35235,0,0
35235,10100,490.0
35235,10200,0
35284,0,0
35284,10100,-620.0
35284,10200,0
35437,0,0
35437,10100,290.0
35437,10200,0
35522,0,0
35522,10100,210.0
35522,10200,0
35715,0,0
35715,10100,-360.0
35715,10200,0
36090,0,0
36090,10100,-490.0
36090,10200,0
36186,0,0
36186,10100,-190.0
36186,10200,0
36278,0,0
36278,10100,-310.0
36278,10200,0
36665,0,0
36665,10100,-300.0
36665,10200,0
36974,0,0
36974,10100,-160.0
36974,10200,0
37018,0,0
37018,10100,-410.0
37018,10200,0
37463,0,0
37463,10100,230.0
37463,10200,0
37575,0,0
37575,10100,-350.0
37575,10200,0
38313,0,0
38313,10100,-1810.0
38313,10200,0
38318,0,0
38318,10100,380.0
38318,10200,0
38403,0,0
38403,10100,290.0
38403,10200,0
38618,0,0
38618,10100,160.0
38618,10200,0
38846,0,0
38846,10100,220.0
38846,10200,0
38880,0,0
38880,10100,-1220.0
38880,10200,0
38944,0,0
38944,10100,640.0
38944,10200,0
40101,0,0
40101,10100,200.0
40101,10200,0
40265,0,0
40265,10100,-160.0
40265,10200,0
40361,0,0
40361,10100,-230.0
40361,10200,0
40401,0,0
40401,10100,-180.0
40401,10200,0
40700,0,0
40700,10100,610.0
40700,10200,0
40708,0,0
40708,10100,170.0
40708,10200,0
40713,0,0
40713,10100,-1350.0
40713,10200,0
40723,0,0
40723,10100,-260.0
40723,10200,0
40738,0,0
40738,10100,-290.0
40738,10200,0
40739,0,0
40739,10100,-260.0
40739,10200,0
40741,0,0
40741,10100,460.0
40741,10200,0
40785,0,0
40785,10100,-340.0
40785,10200,0
40809,0,0
40809,10100,170.0
40809,10200,0
40827,0,0
40827,10100,-180.0
40827,10200,0
40835,0,0
40835,10100,240.0
40835,10200,0
40836,0,0
40836,10100,-200.0
40836,10200,0
40854,0,0
40854,10100,1420.0
40854,10200,0
40858,0,0
40858,10100,-190.0
40858,10200,0
40859,0,0
40859,10100,200.0
40859,10200,0
40877,0,0
40877,10100,340.0
40877,10200,0
40878,0,0
40878,10100,-190.0
40878,10200,0
40930,0,0
40930,10100,200.0
40930,10200,0
40938,0,0
40938,10100,340.0
40938,10200,0
40942,0,0
40942,10100,790.0
40942,10200,0
41024,0,0
41024,10100,-160.0
41024,10200,0
41198,0,0
41198,10100,160.0
41198,10200,0
41265,0,0
41265,10100,540.0
41265,10200,0
41291,0,0
41291,10100,160.0
41291,10200,0
41523,0,0
41523,10100,-190.0
41523,10200,0
41573,0,0
41573,10100,-890.0
41573,10200,0
41620,0,0
41620,10100,150.0
41620,10200,0
41710,0,0
41710,10100,180.0
41710,10200,0
41749,0,0
41749,10100,-150.0
41749,10200,0
41764,0,0
41764,10100,180.0
41764,10200,0
41927,0,0
41927,10100,160.0
41927,10200,0
41939,0,0
41939,10100,-160.0
41939,10200,0
42044,0,0
42044,10100,320.0
42044,10200,0
42045,0,0
42045,10100,160.0
42045,10200,0
42056,0,0
42056,10100,200.0
42056,10200,0
42083,0,0
42083,10100,-1470.0
42083,10200,0
42111,0,0
42111,10100,-610.0
42111,10200,0
42147,0,0
42147,10100,-520.0
42147,10200,0
42295,0,0
42295,10100,-1600.0
42295,10200,0
42299,0,0
42299,10100,470.0
42299,10200,0
42752,0,0
42752,10100,-160.0
42752,10200,0
43083,0,0
43083,10100,150.0
43083,10200,0
43113,0,0
43113,10100,930.0
43113,10200,0
43133,0,0
43133,10100,-770.0
43133,10200,0
43147,0,0
43147,10100,-200.0
43147,10200,0
43200,0,0
43200,10100,-190.0
43200,10200,0
43212,0,0
43212,10100,290.0
43212,10200,0
43237,0,0
43237,10100,-200.0
43237,10200,0
43260,0,0
43260,10100,900.0
43260,10200,0
43263,0,0
43263,10100,580.0
43263,10200,0
43287,0,0
43287,10100,-440.0
43287,10200,0
43291,0,0
43291,10100,-530.0
43291,10200,0
43301,0,0
43301,10100,820.0
43301,10200,0
43341,0,0
43341,10100,180.0
43341,10200,0
43418,0,0
43418,10100,360.0
43418,10200,0
43479,0,0
43479,10100,990.0
43479,10200,0
44230,0,0
44230,10100,-180.0
44230,10200,0
44243,0,0
44243,10100,-2490.0
44243,10200,0
44257,0,0
44257,10100,3540.0
44257,10200,0
44272,0,0
44272,10100,160.0
44272,10200,0
44286,0,0
44286,10100,1270.0
44286,10200,0
44329,0,0
44329,10100,1230.0
44329,10200,0
44338,0,0
44338,10100,-1330.0
44338,10200,0
44374,0,0
44374,10100,2590.0
44374,10200,0
44385,0,0
44385,10100,2300.0
44385,10200,0
44416,0,0
44416,10100,150.0
44416,10200,0
44424,0,0
44424,10100,650.0
44424,10200,0
44429,0,0
44429,10100,370.0
44429,10200,0
44462,0,0
44462,10100,220.0
44462,10200,0
44477,0,0
44477,10100,-230.0
44477,10200,0
47022,0,0
47022,10100,-250.0
47022,10200,0
47037,0,0
47037,10100,380.0
47037,10200,0
47068,0,0
47068,10100,460.0
47068,10200,0
47097,0,0
47097,10100,-190.0
47097,10200,0
47102,0,0
47102,10100,-1230.0
47102,10200,0
47145,0,0
47145,10100,660.0
47145,10200,0
47152,0,0
47152,10100,610.0
47152,10200,0
47171,0,0
47171,10100,300.0
47171,10200,0
48018,0,0
48018,10100,-330.0
48018,10200,0
48035,0,0
48035,10100,220.0
48035,10200,0
48062,0,0
48062,10100,-550.0
48062,10200,0
48064,0,0
48064,10100,240.0
48064,10200,0
48085,0,0
48085,10100,-620.0
48085,10200,0
48092,0,0
48092,10100,-170.0
48092,10200,0
48094,0,0
48094,10100,-250.0
48094,10200,0
48107,0,0
48107,10100,440.0
48107,10200,0
48379,0,0
48379,10100,160.0
48379,10200,0
48458,0,0
48458,10100,-190.0
48458,10200,0
48555,0,0
48555,10100,-200.0
48555,10200,0
48866,0,0
48866,10100,-270.0
48866,10200,0
48875,0,0
48875,10100,-710.0
48875,10200,0
48916,0,0
48916,10100,190.0
48916,10200,0
48921,0,0
48921,10100,440.0
48921,10200,0
48925,0,0
48925,10100,340.0
48925,10200,0
48927,0,0
48927,10100,-160.0
48927,10200,0
48952,0,0
48952,10100,-390.0
48952,10200,0
50756,0,0
50756,10100,-310.0
50756,10200,0
51467,0,0
51467,10100,210.0
51467,10200,0
51495,0,0
51495,10100,-1780.0
51495,10200,0
51542,0,0
51542,10100,-200.0
51542,10200,0
51644,0,0
51644,10100,-190.0
51644,10200,0
52866,0,0
52866,10100,1330.0
52866,10200,0
52955,0,0
52955,10100,-180.0
52955,10200,0
53502,0,0
53502,10100,-1270.0
53502,10200,0
54096,0,0
54096,10100,920.0
54096,10200,0
54157,0,0
54157,10100,230.0
54157,10200,0
54308,0,0
54308,10100,840.0
54308,10200,0
54401,0,0
54401,10100,560.0
54401,10200,0
54511,0,0
54511,10100,-260.0
54511,10200,0
54863,0,0
54863,10100,-260.0
54863,10200,0
54945,0,0
54945,10100,670.0
54945,10200,0
55472,0,0
55472,10100,-160.0
55472,10200,0
56144,0,0
56144,10100,330.0
56144,10200,0
56172,0,0
56172,10100,170.0
56172,10200,0
56196,0,0
56196,10100,580.0
56196,10200,0
56385,0,0
56385,10100,300.0
56385,10200,0
56838,0,0
56838,10100,-150.0
56838,10200,0
56946,0,0
56946,10100,410.0
56946,10200,0
56951,0,0
56951,10100,1330.0
56951,10200,0
57348,0,0
57348,10100,-3520.0
57348,10200,0
57633,0,0
57633,10100,1820.0
57633,10200,0
57662,0,0
57662,10100,1420.0
57662,10200,0
57731,0,0
57731,10100,1770.0
57731,10200,0
58314,0,0
58314,10100,260.0
58314,10200,0
58437,0,0
58437,10100,220.0
58437,10200,0
58834,0,0
58834,10100,280.0
58834,10200,0
58921,0,0
58921,10100,600.0
58921,10200,0
58968,0,0
58968,10100,280.0
58968,10200,0
59058,0,0
59058,10100,360.0
59058,10200,0
59072,0,0
59072,10100,360.0
59072,10200,0
59087,0,0
59087,10100,330.0
59087,10200,0
59278,0,0
59278,10100,570.0
59278,10200,0
59456,0,0
59456,10100,650.0
59456,10200,0
59493,0,0
59493,10100,550.0
59493,10200,0
59501,0,0
59501,10100,160.0
59501,10200,0
59632,0,0
59632,10100,530.0
59632,10200,0
59658,0,0
59658,10100,340.0
59658,10200,0
60105,0,0
60105,10100,210.0
60105,10200,0
60340,0,0
60340,10100,1950.0
60340,10200,0
60423,0,0
60423,10100,210.0
60423,10200,0
60437,0,0
60437,10100,290.0
60437,10200,0
60540,0,0
60540,10100,260.0
60540,10200,0
60549,0,0
60549,10100,-150.0
60549,10200,0
60550,0,0
60550,10100,260.0
60550,10200,0
60560,0,0
60560,10100,240.0
60560,10200,0
60680,0,0
60680,10100,150.0
60680,10200,0
60742,0,0
60742,10100,-190.0
60742,10200,0
60772,0,0
60772,10100,-290.0
60772,10200,0
61045,0,0
61045,10100,-170.0
61045,10200,0
61053,0,0
61053,10100,220.0
61053,10200,0
61291,0,0
61291,10100,-190.0
61291,10200,0
61297,0,0
61297,10100,430.0
61297,10200,0
61697,0,0
61697,10100,-420.0
61697,10200,0
61781,0,0
61781,10100,510.0
61781,10200,0
62054,0,0
62054,10100,-1100.0
62054,10200,0
62161,0,0
62161,10100,190.0
62161,10200,0
62271,0,0
62271,10100,-300.0
62271,10200,0
63330,0,0
63330,10100,1680.0
63330,10200,0
63332,0,0
63332,10100,270.0
63332,10200,0
63333,0,0
63333,10100,-380.0
63333,10200,0
63334,0,0
63334,10100,-770.0
63334,10200,0
63402,0,0
63402,10100,-550.0
63402,10200,0
63450,0,0
63450,10100,-410.0
63450,10200,0
63451,0,0
63451,10100,-250.0
63451,10200,0
63453,0,0
63453,10100,260.0
63453,10200,0
63533,0,0
63533,10100,-510.0
63533,10200,0
63801,0,0
63801,10100,-660.0
63801,10200,0
63881,0,0
63881,10100,-960.0
63881,10200,0
64040,0,0
64040,10100,340.0
64040,10200,0
64380,0,0
64380,10100,-210.0
64380,10200,0
64810,0,0
64810,10100,-360.0
64810,10200,0
65123,0,0
65123,10100,-2320.0
65123,10200,0
65232,0,0
65232,10100,-510.0
65232,10200,0
65271,0,0
65271,10100,-270.0
65271,10200,0
65319,0,0
65319,10100,-340.0
65319,10200,0
65355,0,0
65355,10100,1280.0
65355,10200,0
65536,0,0
65536,10100,-170.0
65536,10200,0
67137,0,0
67137,10100,160.0
67137,10200,0
67223,0,0
67223,10100,390.0
67223,10200,0
67295,0,0
67295,10100,-550.0
67295,10200,0
67775,0,0
67775,10100,200.0
67775,10200,0
67781,0,0
67781,10100,450.0
67781,10200,0
67791,0,0
67791,10100,3450.0
67791,10200,0
68006,0,0
68006,10100,-160.0
68006,10200,0
68026,0,0
68026,10100,-330.0
68026,10200,0
68116,0,0
68116,10100,-4530.0
68116,10200,0
68185,0,0
68185,10100,-1040.0
68185,10200,0
68188,0,0
68188,10100,-610.0
68188,10200,0
68312,0,0
68312,10100,-410.0
68312,10200,0
68362,0,0
68362,10100,540.0
68362,10200,0
68397,0,0
68397,10100,210.0
68397,10200,0
68443,0,0
68443,10100,-210.0
68443,10200,0
68447,0,0
68447,10100,-170.0
68447,10200,0
68478,0,0
68478,10100,420.0
68478,10200,0
68549,0,0
68549,10100,-240.0
68549,10200,0
68588,0,0
68588,10100,910.0
68588,10200,0
68674,0,0
68674,10100,-250.0
68674,10200,0
68677,0,0
68677,10100,-870.0
68677,10200,0
68833,0,0
68833,10100,260.0
68833,10200,0
68841,0,0
68841,10100,-4080.0
68841,10200,0
68925,0,0
68925,10100,-170.0
68925,10200,0
71018,0,0
71018,10100,-230.0
71018,10200,0
71028,0,0
71028,10100,-240.0
71028,10200,0
71042,0,0
71042,10100,-1000.0
71042,10200,0
71043,0,0
71043,10100,-160.0
71043,10200,0
71062,0,0
71062,10100,190.0
71062,10200,0
71164,0,0
71164,10100,-280.0
71164,10200,0
71321,0,0
71321,10100,-210.0
71321,10200,0
71379,0,0
71379,10100,150.0
71379,10200,0
71403,0,0
71403,10100,170.0
71403,10200,0
71406,0,0
71406,10100,200.0
71406,10200,0
71419,0,0
71419,10100,160.0
71419,10200,0
71421,0,0
71421,10100,-200.0
71421,10200,0
71479,0,0
71479,10100,320.0
71479,10200,0
71502,0,0
71502,10100,310.0
71502,10200,0
71613,0,0
71613,10100,-1020.0
71613,10200,0
71714,0,0
71714,10100,-190.0
71714,10200,0
71750,0,0
71750,10100,-170.0
71750,10200,0
71768,0,0
71768,10100,-150.0
71768,10200,0
71780,0,0
71780,10100,180.0
71780,10200,0
71805,0,0
71805,10100,-200.0
71805,10200,0
71826,0,0
71826,10100,-270.0
71826,10200,0
71855,0,0
71855,10100,1000.0
71855,10200,0
71877,0,0
71877,10100,190.0
71877,10200,0
71883,0,0
71883,10100,-200.0
71883,10200,0
71914,0,0
71914,10100,160.0
71914,10200,0
71917,0,0
71917,10100,-280.0
71917,10200,0
71966,0,0
71966,10100,-260.0
71966,10200,0
71971,0,0
71971,10100,-180.0
71971,10200,0
71978,0,0
71978,10100,-300.0
71978,10200,0
72274,0,0
72274,10100,400.0
72274,10200,0
72295,0,0
72295,10100,170.0
72295,10200,0
72327,0,0
72327,10100,440.0
72327,10200,0
72386,0,0
72386,10100,-330.0
72386,10200,0
72406,0,0
72406,10100,190.0
72406,10200,0
72407,0,0
72407,10100,220.0
72407,10200,0
72410,0,0
72410,10100,160.0
72410,10200,0
72464,0,0
72464,10100,-200.0
72464,10200,0
72476,0,0
72476,10100,-180.0
72476,10200,0
72494,0,0
72494,10100,280.0
72494,10200,0
72524,0,0
72524,10100,-170.0
72524,10200,0
72550,0,0
72550,10100,150.0
72550,10200,0
72570,0,0
72570,10100,-310.0
72570,10200,0
72662,0,0
72662,10100,-730.0
72662,10200,0
72672,0,0
72672,10100,-340.0
72672,10200,0
72785,0,0
72785,10100,160.0
72785,10200,0
73002,0,0
73002,10100,1620.0
73002,10200,0
73025,0,0
73025,10100,-720.0
73025,10200,0
73026,0,0
73026,10100,-270.0
73026,10200,0
73027,0,0
73027,10100,-150.0
73027,10200,0
76061,0,0
76061,10100,-150.0
76061,10200,0
76122,0,0
76122,10100,660.0
76122,10200,0
76220,0,0
76220,10100,-630.0
76220,10200,0
76225,0,0
76225,10100,-760.0
76225,10200,0
76323,0,0
76323,10100,-430.0
76323,10200,0
76342,0,0
76342,10100,-290.0
76342,10200,0
76519,0,0
76519,10100,-830.0
76519,10200,0
76548,0,0
76548,10100,-290.0
76548,10200,0
76571,0,0
76571,10100,-160.0
76571,10200,0
76632,0,0
76632,10100,-620.0
76632,10200,0
76634,0,0
76634,10100,-230.0
76634,10200,0
76640,0,0
76640,10100,-190.0
76640,10200,0
76683,0,0
76683,10100,-270.0
76683,10200,0
76773,0,0
76773,10100,-770.0
76773,10200,0
76775,0,0
76775,10100,-220.0
76775,10200,0
76845,0,0
76845,10100,-230.0
76845,10200,0
76855,0,0
76855,10100,-180.0
76855,10200,0
78016,0,0
78016,10100,-1490.0
78016,10200,0
78706,0,0
78706,10100,170.0
78706,10200,0
78720,0,0
78720,10100,-180.0
78720,10200,0
78762,0,0
78762,10100,-430.0
78762,10200,0
78858,0,0
78858,10100,-250.0
78858,10200,0
80063,0,0
80063,10100,-170.0
80063,10200,0
80099,0,0
80099,10100,620.0
80099,10200,0
80112,0,0
80112,10100,-150.0
80112,10200,0
80210,0,0
80210,10100,-190.0
80210,10200,0
80214,0,0
80214,10100,-220.0
80214,10200,0
80234,0,0
80234,10100,-170.0
80234,10200,0
80413,0,0
80413,10100,-2950.0
80413,10200,0
80415,0,0
80415,10100,240.0
80415,10200,0
80416,0,0
80416,10100,170.0
80416,10200,0
80428,0,0
80428,10100,3040.0
80428,10200,0
81002,0,0
81002,10100,-330.0
81002,10200,0
82022,0,0
82022,10100,-710.0
82022,10200,0
82246,0,0
82246,10100,-210.0
82246,10200,0
82353,0,0
82353,10100,350.0
82353,10200,0
82392,0,0
82392,10100,200.0
82392,10200,0
82445,0,0
82445,10100,-200.0
82445,10200,0
82460,0,0
82460,10100,-170.0
82460,10200,0
82562,0,0
82562,10100,-230.0
82562,10200,0
82917,0,0
82917,10100,530.0
82917,10200,0
82979,0,0
82979,10100,-230.0
82979,10200,0
83270,0,0
83270,10100,-230.0
83270,10200,0
83358,0,0
83358,10100,-830.0
83358,10200,0
83368,0,0
83368,10100,-170.0
83368,10200,0
83442,0,0
83442,10100,300.0
83442,10200,0
83470,0,0
83470,10100,530.0
83470,10200,0
83565,0,0
83565,10100,980.0
83565,10200,0
83623,0,0
83623,10100,310.0
83623,10200,0
83948,0,0
83948,10100,-200.0
83948,10200,0
83980,0,0
83980,10100,180.0
83980,10200,0
84001,0,0
84001,10100,410.0
84001,10200,0
84036,0,0
84036,10100,-400.0
84036,10200,0
84072,0,0
84072,10100,-240.0
84072,10200,0
84105,0,0
84105,10100,-1890.0
84105,10200,0
84140,0,0
84140,10100,-520.0
84140,10200,0
84143,0,0
84143,10100,230.0
84143,10200,0
84160,0,0
84160,10100,-960.0
84160,10200,0
84217,0,0
84217,10100,610.0
84217,10200,0
84265,0,0
84265,10100,-330.0
84265,10200,0
84377,0,0
84377,10100,-370.0
84377,10200,0
84401,0,0
84401,10100,-230.0
84401,10200,0
84425,0,0
84425,10100,-360.0
84425,10200,0
84455,0,0
84455,10100,-310.0
84455,10200,0
84472,0,0
84472,10100,400.0
84472,10200,0
84474,0,0
84474,10100,-820.0
84474,10200,0
84534,0,0
84534,10100,-280.0
84534,10200,0
84686,0,0
84686,10100,270.0
84686,10200,0
84688,0,0
84688,10100,550.0
84688,10200,0
84773,0,0
84773,10100,150.0
84773,10200,0
84782,0,0
84782,10100,-500.0
84782,10200,0
85140,0,0
85140,10100,520.0
85140,10200,0
85175,0,0
85175,10100,-200.0
85175,10200,0
85201,0,0
85201,10100,-230.0
85201,10200,0
85210,0,0
85210,10100,-680.0
85210,10200,0
85247,0,0
85247,10100,-240.0
85247,10200,0
85264,0,0
85264,10100,-170.0
85264,10200,0
85312,0,0
85312,10100,1090.0
85312,10200,0
85406,0,0
85406,10100,-240.0
85406,10200,0
85432,0,0
85432,10100,320.0
85432,10200,0
85629,0,0
85629,10100,2270.0
85629,10200,0
85672,0,0
85672,10100,330.0
85672,10200,0
85892,0,0
85892,10100,260.0
85892,10200,0
86033,0,0
86033,10100,-370.0
86033,10200,0
86068,0,0
86068,10100,-230.0
86068,10200,0
86134,0,0
86134,10100,-260.0
86134,10200,0
86170,0,0
86170,10100,180.0
86170,10200,0
86185,0,0
86185,10100,290.0
86185,10200,0
86210,0,0
86210,10100,190.0
86210,10200,0
86297,0,0
86297,10100,1240.0
86297,10200,0
86565,0,0
86565,10100,170.0
86565,10200,0
87007,0,0
87007,10100,210.0
87007,10200,0
87222,0,0
87222,10100,160.0
87222,10200,0
87344,0,0
87344,10100,190.0
87344,10200,0
87784,0,0
87784,10100,-170.0
87784,10200,0
87800,0,0
87800,10100,-170.0
87800,10200,0
88870,0,0
88870,10100,160.0
88870,10200,0
89004,0,0
89004,10100,460.0
89004,10200,0
89013,0,0
89013,10100,330.0
89013,10200,0
89061,0,0
89061,10100,230.0
89061,10200,0
89087,0,0
89087,10100,-2870.0
89087,10200,0
89324,0,0
89324,10100,160.0
89324,10200,0
89329,0,0
89329,10100,190.0
89329,10200,0
89332,0,0
89332,10100,-230.0
89332,10200,0
89345,0,0
89345,10100,690.0
89345,10200,0
89377,0,0
89377,10100,-190.0
89377,10200,0
89512,0,0
89512,10100,170.0
89512,10200,0
89614,0,0
89614,10100,-230.0
89614,10200,0
89625,0,0
89625,10100,320.0
89625,10200,0
89661,0,0
89661,10100,-380.0
89661,10200,0
89664,0,0
89664,10100,190.0
89664,10200,0
89799,0,0
89799,10100,430.0
89799,10200,0
89811,0,0
89811,10100,410.0
89811,10200,0
89832,0,0
89832,10100,280.0
89832,10200,0
89866,0,0
89866,10100,180.0
89866,10200,0
89879,0,0
89879,10100,660.0
89879,10200,0
91203,0,0
91203,10100,-230.0
91203,10200,0
91408,0,0
91408,10100,210.0
91408,10200,0
91425,0,0
91425,10100,-180.0
91425,10200,0
91831,0,0
91831,10100,540.0
91831,10200,0
93441,0,0
93441,10100,180.0
93441,10200,0
93597,0,0
93597,10100,-270.0
93597,10200,0
94654,0,0
94654,10100,400.0
94654,10200,0
94673,0,0
94673,10100,270.0
94673,10200,0
96009,0,0
96009,10100,-660.0
96009,10200,0
96035,0,0
96035,10100,-170.0
96035,10200,0
96171,0,0
96171,10100,-260.0
96171,10200,0
96441,0,0
96441,10100,210.0
96441,10200,0
96529,0,0
96529,10100,-240.0
96529,10200,0
96595,0,0
96595,10100,-290.0
96595,10200,0
96607,0,0
96607,10100,-2580.0
96607,10200,0
96655,0,0
96655,10100,-190.0
96655,10200,0
96695,0,0
96695,10100,-180.0
96695,10200,0
96987,0,0
96987,10100,510.0
96987,10200,0
97008,0,0
97008,10100,-300.0
97008,10200,0
97048,0,0
97048,10100,320.0
97048,10200,0
97086,0,0
97086,10100,180.0
97086,10200,0
97192,0,0
97192,10100,380.0
97192,10200,0
97284,0,0
97284,10100,-360.0
97284,10200,0
97300,0,0
97300,10100,220.0
97300,10200,0
97378,0,0
97378,10100,1540.0
97378,10200,0
97406,0,0
97406,10100,260.0
97406,10200,0
97460,0,0
97460,10100,190.0
97460,10200,0
97810,0,0
97810,10100,160.0
97810,10200,0
98334,0,0
98334,10100,-170.0
98334,10200,0
98536,0,0
98536,10100,1500.0
98536,10200,0
98644,0,0
98644,10100,220.0
98644,10200,0
98653,0,0
98653,10100,-180.0
98653,10200,0
98751,0,0
98751,10100,-240.0
98751,10200,0
AAERN,0,0
AAERN,10800,800.0
AAERN,10900,0
AALAG,0,0
AALAG,10800,260.0
AALAG,10900,0
AASKY,0,0
AASKY,10800,420.0
AASKY,10900,0
AAUN1,0,0
AAUN1,10800,500.0
AAUN1,10900,0
AAUN2,0,0
AAUN2,10800,580.0
AAUN2,10900,0
AHW,0,0
AHW,10800,-250.0
AHW,10900,0
AKB,0,0
AKB,10800,620.0
AKB,10900,0
AYN,0,0
AYN,10800,-1550.0
AYN,10900,0
BBS,0,0
BBS,10800,-2760.0
BBS,10900,0
BCS,0,0
BCS,10800,-2560.0
BCS,10900,0
BDK,0,0
BDK,10800,-1020.0
BDK,10900,0
BHT,0,0
BHT,10800,-2390.0
BHT,10900,0
BLH,0,0
BLH,10800,-180.0
BLH,10900,0
BOP,0,0
BOP,10800,-2590.0
BOP,10900,0
BRA,0,0
BRA,10800,-2640.0
BRA,10900,0
BUI,0,0
BUI,10800,-330.0
BUI,10900,0
CDW,0,0
CDW,10800,1780.0
CDW,10900,0
CHO,0,0
CHO,10800,-190.0
CHO,10900,0
COI,0,0
COI,10800,200.0
COI,10900,0
COO,0,0
COO,10800,-300.0
COO,10900,0
CTH,0,0
CTH,10800,-4810.0
CTH,10900,0
CUK,0,0
CUK,10800,-2500.0
CUK,10900,0
DAP,0,0
DAP,10800,970.0
DAP,10900,0
DHW,0,0
DHW,10800,2580.0
DHW,10900,0
DSI,0,0
DSI,10800,-810.0
DSI,10900,0
DTG,0,0
DTG,10800,550.0
DTG,10900,0
DUL,0,0
DUL,10800,-260.0
DUL,10900,0
DUN,0,0
DUN,10800,-2530.0
DUN,10900,0
DVD,0,0
DVD,10800,1020.0
DVD,10900,0
ELA,0,0
ELA,10800,910.0
ELA,10900,0
FRG,0,0
FRG,10800,-280.0
FRG,10900,0
GCR,0,0
GCR,10800,-280.0
GCR,10900,0
GLP,0,0
GLP,10800,180.0
GLP,10900,0
GND,0,0
GND,10800,-390.0
GND,10900,0
GYL,0,0
GYL,10800,-540.0
GYL,10900,0
HNT,0,0
HNT,10800,-240.0
HNT,10900,0
ISP34,0,0
ISP34,10800,-820.0
ISP34,10900,0
JFR,0,0
JFR,10800,-2510.0
JFR,10900,0
JLW,0,0
JLW,10800,2350.0
JLW,10900,0
KAJ,0,0
KAJ,10800,-230.0
KAJ,10900,0
KCP,0,0
KCP,10800,200.0
KCP,10900,0
KHG,0,0
KHG,10800,-550.0
KHG,10900,0
KIP39,0,0
KIP39,10800,-160.0
KIP39,10900,0
KIR,0,0
KIR,10800,-290.0
KIR,10900,0
KKI,0,0
KKI,10800,-270.0
KKI,10900,0
KRD,0,0
KRD,10800,-2620.0
KRD,10900,0
KRM,0,0
KRM,10800,-2540.0
KRM,10900,0
KWP40,0,0
KWP40,10800,-180.0
KWP40,10900,0
KWR,0,0
KWR,10800,-2410.0
KWR,10900,0
LEH,0,0
LEH,10800,320.0
LEH,10900,0
MAL,0,0
MAL,10800,2860.0
MAL,10900,0
MAS,0,0
MAS,10800,1290.0
MAS,10900,0
MAT,0,0
MAT,10800,-2470.0
MAT,10900,0
MGP,0,0
MGP,10800,-2630.0
MGP,10900,0
MPT,0,0
MPT,10800,-410.0
MPT,10900,0
MRD,0,0
MRD,10800,980.0
MRD,10900,0
MTL,0,0
MTL,10800,-260.0
MTL,10900,0
MYR,0,0
MYR,10800,720.0
MYR,10900,0
NCM,0,0
NCM,10800,-2550.0
NCM,10900,0
NEY,0,0
NEY,10800,-210.0
NEY,10900,0
NJG,0,0
NJG,10800,-2530.0
NJG,10900,0
NMI,0,0
NMI,10800,-4660.0
NMI,10900,0
NNB,0,0
NNB,10800,240.0
NNB,10900,0
NRL,0,0
NRL,10800,-2560.0
NRL,10900,0
NVL,0,0
NVL,10800,-220.0
NVL,10900,0
PAN,0,0
PAN,10800,-160.0
PAN,10900,0
PAP50,0,0
PAP50,10800,-190.0
PAP50,10900,0
PBR,0,0
PBR,10800,-200.0
PBR,10900,0
PGP51,0,0
PGP51,10800,-380.0
PGP51,10900,0
PLP,0,0
PLP,10800,230.0
PLP,10900,0
PRU,0,0
PRU,10800,910.0
PRU,10900,0
PSA,0,0
PSA,10800,-2440.0
PSA,10900,0
RAH,0,0
RAH,10800,2750.0
RAH,10900,0
RGJ,0,0
RGJ,10800,-250.0
RGJ,10900,0
RMG,0,0
RMG,10800,160.0
RMG,10900,0
RNI,0,0
RNI,10800,2610.0
RNI,10900,0
RPG,0,0
RPG,10800,850.0
RPG,10900,0
RUP56,0,0
RUP56,10800,200.0
RUP56,10900,0
SCD,0,0
SCD,10800,-2590.0
SCD,10900,0
SMB,0,0
SMB,10800,2520.0
SMB,10900,0
TDU,0,0
TDU,10800,570.0
TDU,10900,0
TLK,0,0
TLK,10800,-990.0
TLK,10900,0
TRU,0,0
TRU,10800,-210.0
TRU,10900,0
UDU,0,0
UDU,10800,650.0
UDU,10900,0
UNA,0,0
UNA,10800,-190.0
UNA,10900,0
USP70,0,0
USP70,10800,-390.0
USP70,10900,0
USP71,0,0
USP71,10800,-180.0
USP71,10900,0
USP76,0,0
USP76,10800,-1280.0
USP76,10900,0
USP79,0,0
USP79,10800,-370.0
USP79,10900,0
VDN,0,0
VDN,10800,4870.0
VDN,10900,0
WGL,0,0
WGL,10800,-220.0
WGL,10900,0
CWEU,0,0
CWEU,11100,-260.0
CWEU,11200,0
CWZZ,0,0
CWZZ,11100,350.0
CWZZ,11200,0
CYDA,0,0
CYDA,11100,-260.0
CYDA,11200,0
CYXP,0,0
CYXP,11100,-270.0
CYXP,11200,0
DAAY,0,0
DAAY,11100,-150.0
DAAY,11200,0
DNKN,0,0
DNKN,11100,-180.0
DNKN,11200,0
DXNG,0,0
DXNG,11100,-230.0
DXNG,11200,0
FNBC,0,0
FNBC,11100,170.0
FNBC,11200,0
FNUE,0,0
FNUE,11100,-170.0
FNUE,11200,0
FYGB,0,0
FYGB,11100,-300.0
FYGB,11200,0
FYRU,0,0
FYRU,11100,-200.0
FYRU,11200,0
GQPA,0,0
GQPA,11100,-170.0
GQPA,11200,0
HEAT,0,0
HEAT,11100,-160.0
HEAT,11200,0
HESC,0,0
HESC,11100,-310.0
HESC,11200,0
HKWJ,0,0
HKWJ,11100,190.0
HKWJ,11200,0
KCBE,0,0
KCBE,11100,-170.0
KCBE,11200,0
KEIK,0,0
KEIK,11100,-160.0
KEIK,11200,0
KFOZ,0,0
KFOZ,11100,-160.0
KFOZ,11200,0
KMYP,0,0
KMYP,11100,-190.0
KMYP,11200,0
KNUW,0,0
KNUW,11100,-160.0
KNUW,11200,0
KNXP,0,0
KNXP,11100,-220.0
KNXP,11200,0
KQQY,0,0
KQQY,11100,-300.0
KQQY,11200,0
KQRH,0,0
KQRH,11100,-430.0
KQRH,11200,0
KSZL,0,0
KSZL,11100,160.0
KSZL,11200,0
LIBE,0,0
LIBE,11100,220.0
LIBE,11200,0
LIBQ,0,0
LIBQ,11100,260.0
LIBQ,11200,0
LICE,0,0
LICE,11100,310.0
LICE,11200,0
LIMG,0,0
LIMG,11100,-160.0
LIMG,11200,0
LIQR,0,0
LIQR,11100,-230.0
LIQR,11200,0
LIRX,0,0
LIRX,11100,160.0
LIRX,11200,0
LIVD,0,0
LIVD,11100,-150.0
LIVD,11200,0
LIVF,0,0
LIVF,11100,190.0
LIVF,11200,0
LIVR,0,0
LIVR,11100,210.0
LIVR,11200,0
LTAL,0,0
LTAL,11100,160.0
LTAL,11200,0
MGGT,0,0
MGGT,11100,-390.0
MGGT,11200,0
MGRT,0,0
MGRT,11100,-160.0
MGRT,11200,0
MHTE,0,0
MHTE,11100,190.0
MHTE,11200,0
MMCN,0,0
MMCN,11100,190.0
MMCN,11200,0
MMLO,0,0
MMLO,11100,-210.0
MMLO,11200,0
MMOX,0,0
MMOX,11100,-150.0
MMOX,11200,0
MMQT,0,0
MMQT,11100,-200.0
MMQT,11200,0
MNBL,0,0
MNBL,11100,-250.0
MNBL,11200,0
MNJG,0,0
MNJG,11100,400.0
MNJG,11200,0
MPBO,0,0
MPBO,11100,-210.0
MPBO,11200,0
MSAC,0,0
MSAC,11100,160.0
MSAC,11200,0
MSSA,0,0
MSSA,11100,-250.0
MSSA,11200,0
OEKJ,0,0
OEKJ,11100,-220.0
OEKJ,11200,0
OESK,0,0
OESK,11100,-210.0
OESK,11200,0
OIIP,0,0
OIIP,11100,150.0
OIIP,11200,0
OIKM,0,0
OIKM,11100,300.0
OIKM,11200,0
OING,0,0
OING,11100,-180.0
OING,11200,0
OISF,0,0
OISF,11100,190.0
OISF,11200,0
OITK,0,0
OITK,11100,160.0
OITK,11200,0
OITU,0,0
OITU,11100,-350.0
OITU,11200,0
PACM,0,0
PACM,11100,-160.0
PACM,11200,0
PACZ,0,0
PACZ,11100,170.0
PACZ,11200,0
PAEC,0,0
PAEC,11100,170.0
PAEC,11200,0
PAIN,0,0
PAIN,11100,-160.0
PAIN,11200,0
PAJZ,0,0
PAJZ,11100,-200.0
PAJZ,11200,0
PAKP,0,0
PAKP,11100,-220.0
PAKP,11200,0
PAKV,0,0
PAKV,11100,-210.0
PAKV,11200,0
PASL,0,0
PASL,11100,-220.0
PASL,11200,0
PAVD,0,0
PAVD,11100,-350.0
PAVD,11200,0
PHSF,0,0
PHSF,11100,-190.0
PHSF,11200,0
SAVC,0,0
SAVC,11100,-160.0
SAVC,11200,0
SCAP,0,0
SCAP,11100,-400.0
SCAP,11200,0
SEAM,0,0
SEAM,11100,-220.0
SEAM,11200,0
SELT,0,0
SELT,11100,-170.0
SELT,11200,0
SETU,0,0
SETU,11100,-260.0
SETU,11200,0
SKRG,0,0
SKRG,11100,-180.0
SKRG,11200,0
SLCA,0,0
SLCA,11100,-200.0
SLCA,11200,0
SLCP,0,0
SLCP,11100,-200.0
SLCP,11200,0
SLJE,0,0
SLJE,11100,-300.0
SLJE,11200,0
SLRB,0,0
SLRB,11100,-240.0
SLRB,11200,0
SPHY,0,0
SPHY,11100,-250.0
SPHY,11200,0
SPJI,0,0
SPJI,11100,-730.0
SPJI,11200,0
UACC,0,0
UACC,11100,170.0
UACC,11200,0
UGTB,0,0
UGTB,11100,-210.0
UGTB,11200,0
UOOO,0,0
UOOO,11100,390.0
UOOO,11200,0
VOHS,0,0
VOHS,11100,-400.0
VOHS,11200,0
VOHY,0,0
VOHY,11100,-190.0
VOHY,11200,0
VTCC,0,0
VTCC,11100,-160.0
VTCC,11200,0
WIDD,0,0
WIDD,11100,-200.0
WIDD,11200,0
01102,11600,230.0
01102,11601,0
01245,11600,-210.0
01245,11601,0
01277,11600,-920.0
01277,11601,0
02460,11600,170.0
02460,11601,0
02607,11600,-240.0
02607,11601,0
04272,11600,280.0
04272,11601,0
04330,11600,-410.0
04330,11601,0
06239,11600,-300.0
06239,11601,0
06458,11600,-170.0
06458,11601,0
06759,11600,200.0
06759,11601,0
07560,11600,150.0
07560,11601,0
08226,11600,1010.0
08226,11601,0
08261,11600,-150.0
08261,11601,0
10453,11600,160.0
10453,11601,0
11072,11600,-390.0
11072,11601,0
11148,11600,-540.0
11148,11601,0
11266,11600,240.0
11266,11601,0
11274,11600,-460.0
11274,11601,0
11298,11600,470.0
11298,11601,0
11933,11600,-330.0
11933,11601,0
12310,11600,360.0
12310,11601,0
12580,11600,170.0
12580,11601,0
13493,11600,-170.0
13493,11601,0
13571,11600,-190.0
13571,11601,0
13576,11600,430.0
13576,11601,0
13601,11600,170.0
13601,11601,0
13611,11600,720.0
13611,11601,0
13615,11600,-650.0
13615,11601,0
14235,11600,190.0
14235,11601,0
14443,11600,-260.0
14443,11601,0
16021,11600,220.0
16021,11601,0
16058,11600,230.0
16058,11601,0
16059,11600,180.0
16059,11601,0
16060,11600,-170.0
16060,11601,0
16066,11600,300.0
16066,11601,0
16111,11600,-200.0
16111,11601,0
16121,11600,720.0
16121,11601,0
16123,11600,-220.0
16123,11601,0
16129,11600,3600.0
16129,11601,0
16171,11600,250.0
16171,11601,0
16179,11600,190.0
16179,11601,0
16197,11600,160.0
16197,11601,0
16204,11600,-280.0
16204,11601,0
16239,11600,310.0
16239,11601,0
16244,11600,150.0
16244,11601,0
16258,11600,270.0
16258,11601,0
16289,11600,210.0
16289,11601,0
16314,11600,-160.0
16314,11601,0
16344,11600,250.0
16344,11601,0
16364,11600,240.0
16364,11601,0
16365,11600,-270.0
16365,11601,0
16405,11600,-160.0
16405,11601,0
16416,11600,880.0
16416,11601,0
16436,11600,-1020.0
16436,11601,0
16450,11600,720.0
16450,11601,0
17059,11600,150.0
17059,11601,0
17109,11600,160.0
17109,11601,0
17202,11600,210.0
17202,11601,0
17203,11600,-430.0
17203,11601,0
17282,11600,850.0
17282,11601,0
17297,11600,190.0
17297,11601,0
17521,11600,-1990.0
17521,11601,0
21931,11600,320.0
21931,11601,0
21982,11600,190.0
21982,11601,0
22004,11600,200.0
22004,11601,0
22312,11600,160.0
22312,11601,0
22695,11600,-440.0
22695,11601,0
23256,11600,260.0
23256,11601,0
23503,11600,-160.0
23503,11601,0
23891,11600,-240.0
23891,11601,0
24076,11600,-210.0
24076,11601,0
24266,11600,-210.0
24266,11601,0
24329,11600,-150.0
24329,11601,0
24361,11600,-190.0
24361,11601,0
24371,11600,-250.0
24371,11601,0
24462,11600,-240.0
24462,11601,0
24507,11600,190.0
24507,11601,0
24585,11600,-540.0
24585,11601,0
24588,11600,-300.0
24588,11601,0
24671,11600,-260.0
24671,11601,0
25138,11600,-190.0
25138,11601,0
25206,11600,170.0
25206,11601,0
25503,11600,-180.0
25503,11601,0
25707,11600,-240.0
25707,11601,0
25715,11600,-170.0
25715,11601,0
25808,11600,-270.0
25808,11601,0
26825,11600,210.0
26825,11601,0
28952,11600,-240.0
28952,11601,0
30433,11600,-210.0
30433,11601,0
30622,11600,-210.0
30622,11601,0
30636,11600,-170.0
30636,11601,0
31123,11600,-220.0
31123,11601,0
31510,11600,530.0
31510,11601,0
32477,11600,190.0
32477,11601,0
33135,11600,-270.0
33135,11601,0
33745,11600,580.0
33745,11601,0
33815,11600,-170.0
33815,11601,0
33886,11600,-1210.0
33886,11601,0
34727,11600,240.0
34727,11601,0
35235,11600,490.0
35235,11601,0
35284,11600,-620.0
35284,11601,0
35437,11600,290.0
35437,11601,0
35522,11600,210.0
35522,11601,0
35715,11600,-360.0
35715,11601,0
36090,11600,-490.0
36090,11601,0
36186,11600,-190.0
36186,11601,0
36278,11600,-310.0
36278,11601,0
36665,11600,-300.0
36665,11601,0
36974,11600,-160.0
36974,11601,0
37018,11600,-410.0
37018,11601,0
37463,11600,230.0
37463,11601,0
37575,11600,-350.0
37575,11601,0
38313,11600,-1810.0
38313,11601,0
38318,11600,380.0
38318,11601,0
38403,11600,290.0
38403,11601,0
38618,11600,160.0
38618,11601,0
38846,11600,220.0
38846,11601,0
38880,11600,-1220.0
38880,11601,0
38944,11600,640.0
38944,11601,0
40101,11600,200.0
40101,11601,0
40265,11600,-160.0
40265,11601,0
40361,11600,-230.0
40361,11601,0
40401,11600,-180.0
40401,11601,0
40700,11600,610.0
40700,11601,0
40708,11600,170.0
40708,11601,0
40713,11600,-1350.0
40713,11601,0
40723,11600,-260.0
40723,11601,0
40738,11600,-290.0
40738,11601,0
40739,11600,-260.0
40739,11601,0
40741,11600,460.0
40741,11601,0
40785,11600,-340.0
40785,11601,0
40809,11600,170.0
40809,11601,0
40827,11600,-180.0
40827,11601,0
40835,11600,240.0
40835,11601,0
40836,11600,-200.0
40836,11601,0
40854,11600,1420.0
40854,11601,0
40858,11600,-190.0
40858,11601,0
40859,11600,200.0
40859,11601,0
40877,11600,340.0
40877,11601,0
40878,11600,-190.0
40878,11601,0
40930,11600,200.0
40930,11601,0
40938,11600,340.0
40938,11601,0
40942,11600,790.0
40942,11601,0
41024,11600,-160.0
41024,11601,0
41198,11600,160.0
41198,11601,0
41265,11600,540.0
41265,11601,0
41291,11600,160.0
41291,11601,0
41523,11600,-190.0
41523,11601,0
41573,11600,-890.0
41573,11601,0
41620,11600,150.0
41620,11601,0
41710,11600,180.0
41710,11601,0
41749,11600,-150.0
41749,11601,0
41764,11600,180.0
41764,11601,0
41927,11600,160.0
41927,11601,0
41939,11600,-160.0
41939,11601,0
42044,11600,320.0
42044,11601,0
42045,11600,160.0
42045,11601,0
42056,11600,200.0
42056,11601,0
42083,11600,-1470.0
42083,11601,0
42111,11600,-610.0
42111,11601,0
42147,11600,-520.0
42147,11601,0
42295,11600,-1600.0
42295,11601,0
42299,11600,470.0
42299,11601,0
42752,11600,-160.0
42752,11601,0
43083,11600,150.0
43083,11601,0
43113,11600,930.0
43113,11601,0
43133,11600,-770.0
43133,11601,0
43147,11600,-200.0
43147,11601,0
43200,11600,-190.0
43200,11601,0
43212,11600,290.0
43212,11601,0
43237,11600,-200.0
43237,11601,0
43260,11600,900.0
43260,11601,0
43263,11600,580.0
43263,11601,0
43287,11600,-440.0
43287,11601,0
43291,11600,-530.0
43291,11601,0
43301,11600,820.0
43301,11601,0
43341,11600,180.0
43341,11601,0
43418,11600,360.0
43418,11601,0
43479,11600,990.0
43479,11601,0
44230,11600,-180.0
44230,11601,0
44243,11600,-2490.0
44243,11601,0
44257,11600,3540.0
44257,11601,0
44272,11600,160.0
44272,11601,0
44286,11600,1270.0
44286,11601,0
44329,11600,1230.0
44329,11601,0
44338,11600,-1330.0
44338,11601,0
44374,11600,2590.0
44374,11601,0
44385,11600,2300.0
44385,11601,0
44416,11600,150.0
44416,11601,0
44424,11600,650.0
44424,11601,0
44429,11600,370.0
44429,11601,0
44462,11600,220.0
44462,11601,0
44477,11600,-230.0
44477,11601,0
47022,11600,-250.0
47022,11601,0
47037,11600,380.0
47037,11601,0
47068,11600,460.0
47068,11601,0
47097,11600,-190.0
47097,11601,0
47102,11600,-1230.0
47102,11601,0
47145,11600,660.0
47145,11601,0
47152,11600,610.0
47152,11601,0
47171,11600,300.0
47171,11601,0
48018,11600,-330.0
48018,11601,0
48035,11600,220.0
48035,11601,0
48062,11600,-550.0
48062,11601,0
48064,11600,240.0
48064,11601,0
48085,11600,-620.0
48085,11601,0
48092,11600,-170.0
48092,11601,0
48094,11600,-250.0
48094,11601,0
48107,11600,440.0
48107,11601,0
48379,11600,160.0
48379,11601,0
48458,11600,-190.0
48458,11601,0
48555,11600,-200.0
48555,11601,0
48866,11600,-270.0
48866,11601,0
48875,11600,-710.0
48875,11601,0
48916,11600,190.0
48916,11601,0
48921,11600,440.0
48921,11601,0
48925,11600,340.0
48925,11601,0
48927,11600,-160.0
48927,11601,0
48952,11600,-390.0
48952,11601,0
50756,11600,-310.0
50756,11601,0
51467,11600,210.0
51467,11601,0
51495,11600,-1780.0
51495,11601,0
51542,11600,-200.0
51542,11601,0
51644,11600,-190.0
51644,11601,0
52866,11600,1330.0
52866,11601,0
52955,11600,-180.0
52955,11601,0
53502,11600,-1270.0
53502,11601,0
54096,11600,920.0
54096,11601,0
54157,11600,230.0
54157,11601,0
54308,11600,840.0
54308,11601,0
54401,11600,560.0
54401,11601,0
54511,11600,-260.0
54511,11601,0
54863,11600,-260.0
54863,11601,0
54945,11600,670.0
54945,11601,0
55472,11600,-160.0
55472,11601,0
56144,11600,330.0
56144,11601,0
56172,11600,170.0
56172,11601,0
56196,11600,580.0
56196,11601,0
56385,11600,300.0
56385,11601,0
56838,11600,-150.0
56838,11601,0
56946,11600,410.0
56946,11601,0
56951,11600,1330.0
56951,11601,0
57348,11600,-3520.0
57348,11601,0
57633,11600,1820.0
57633,11601,0
57662,11600,1420.0
57662,11601,0
57731,11600,1770.0
57731,11601,0
58314,11600,260.0
58314,11601,0
58437,11600,220.0
58437,11601,0
58834,11600,280.0
58834,11601,0
58921,11600,600.0
58921,11601,0
58968,11600,280.0
58968,11601,0
59058,11600,360.0
59058,11601,0
59072,11600,360.0
59072,11601,0
59087,11600,330.0
59087,11601,0
59278,11600,570.0
59278,11601,0
59456,11600,650.0
59456,11601,0
59493,11600,550.0
59493,11601,0
59501,11600,160.0
59501,11601,0
59632,11600,530.0
59632,11601,0
59658,11600,340.0
59658,11601,0
60105,11600,210.0
60105,11601,0
60340,11600,1950.0
60340,11601,0
60423,11600,210.0
60423,11601,0
60437,11600,290.0
60437,11601,0
60540,11600,260.0
60540,11601,0
60549,11600,-150.0
60549,11601,0
60550,11600,260.0
60550,11601,0
60560,11600,240.0
60560,11601,0
60680,11600,150.0
60680,11601,0
60742,11600,-190.0
60742,11601,0
60772,11600,-290.0
60772,11601,0
61045,11600,-170.0
61045,11601,0
61053,11600,220.0
61053,11601,0
61291,11600,-190.0
61291,11601,0
61297,11600,430.0
61297,11601,0
61697,11600,-420.0
61697,11601,0
61781,11600,510.0
61781,11601,0
62054,11600,-1100.0
62054,11601,0
62161,11600,190.0
62161,11601,0
62271,11600,-300.0
62271,11601,0
63330,11600,1680.0
63330,11601,0
63332,11600,270.0
63332,11601,0
63333,11600,-380.0
63333,11601,0
63334,11600,-770.0
63334,11601,0
63402,11600,-550.0
63402,11601,0
63450,11600,-410.0
63450,11601,0
63451,11600,-250.0
63451,11601,0
63453,11600,260.0
63453,11601,0
63533,11600,-510.0
63533,11601,0
63801,11600,-660.0
63801,11601,0
63881,11600,-960.0
63881,11601,0
64040,11600,340.0
64040,11601,0
64380,11600,-210.0
64380,11601,0
64810,11600,-360.0
64810,11601,0
65123,11600,-2320.0
65123,11601,0
65232,11600,-510.0
65232,11601,0
65271,11600,-270.0
65271,11601,0
65319,11600,-340.0
65319,11601,0
65355,11600,1280.0
65355,11601,0
65536,11600,-170.0
65536,11601,0
67137,11600,160.0
67137,11601,0
67223,11600,390.0
67223,11601,0
67295,11600,-550.0
67295,11601,0
67775,11600,200.0
67775,11601,0
67781,11600,450.0
67781,11601,0
67791,11600,3450.0
67791,11601,0
68006,11600,-160.0
68006,11601,0
68026,11600,-330.0
68026,11601,0
68116,11600,-4530.0
68116,11601,0
68185,11600,-1040.0
68185,11601,0
68188,11600,-610.0
68188,11601,0
68312,11600,-410.0
68312,11601,0
68362,11600,540.0
68362,11601,0
68397,11600,210.0
68397,11601,0
68443,11600,-210.0
68443,11601,0
68447,11600,-170.0
68447,11601,0
68478,11600,420.0
68478,11601,0
68549,11600,-240.0
68549,11601,0
68588,11600,910.0
68588,11601,0
68674,11600,-250.0
68674,11601,0
68677,11600,-870.0
68677,11601,0
68833,11600,260.0
68833,11601,0
68841,11600,-4080.0
68841,11601,0
68925,11600,-170.0
68925,11601,0
71018,11600,-230.0
71018,11601,0
71028,11600,-240.0
71028,11601,0
71042,11600,-1000.0
71042,11601,0
71043,11600,-160.0
71043,11601,0
71062,11600,190.0
71062,11601,0
71164,11600,-280.0
71164,11601,0
71321,11600,-210.0
71321,11601,0
71379,11600,150.0
71379,11601,0
71403,11600,170.0
71403,11601,0
71406,11600,200.0
71406,11601,0
71419,11600,160.0
71419,11601,0
71421,11600,-200.0
71421,11601,0
71479,11600,320.0
71479,11601,0
71502,11600,310.0
71502,11601,0
71613,11600,-1020.0
71613,11601,0
71714,11600,-190.0
71714,11601,0
71750,11600,-170.0
71750,11601,0
71768,11600,-150.0
71768,11601,0
71780,11600,180.0
71780,11601,0
71805,11600,-200.0
71805,11601,0
71826,11600,-270.0
71826,11601,0
71855,11600,1000.0
71855,11601,0
71877,11600,190.0
71877,11601,0
71883,11600,-200.0
71883,11601,0
71914,11600,160.0
71914,11601,0
71917,11600,-280.0
71917,11601,0
71966,11600,-260.0
71966,11601,0
71971,11600,-180.0
71971,11601,0
71978,11600,-300.0
71978,11601,0
72274,11600,400.0
72274,11601,0
72295,11600,170.0
72295,11601,0
72327,11600,440.0
72327,11601,0
72386,11600,-330.0
72386,11601,0
72406,11600,190.0
72406,11601,0
72407,11600,220.0
72407,11601,0
72410,11600,160.0
72410,11601,0
72464,11600,-200.0
72464,11601,0
72476,11600,-180.0
72476,11601,0
72494,11600,280.0
72494,11601,0
72524,11600,-170.0
72524,11601,0
72550,11600,150.0
72550,11601,0
72570,11600,-310.0
72570,11601,0
72662,11600,-730.0
72662,11601,0
72672,11600,-340.0
72672,11601,0
72785,11600,160.0
72785,11601,0
73002,11600,1620.0
73002,11601,0
73025,11600,-720.0
73025,11601,0
73026,11600,-270.0
73026,11601,0
73027,11600,-150.0
73027,11601,0
76061,11600,-150.0
76061,11601,0
76122,11600,660.0
76122,11601,0
76220,11600,-630.0
76220,11601,0
76225,11600,-760.0
76225,11601,0
76323,11600,-430.0
76323,11601,0
76342,11600,-290.0
76342,11601,0
76519,11600,-830.0
76519,11601,0
76548,11600,-290.0
76548,11601,0
76571,11600,-160.0
76571,11601,0
76632,11600,-620.0
76632,11601,0
76634,11600,-230.0
76634,11601,0
76640,11600,-190.0
76640,11601,0
76683,11600,-270.0
76683,11601,0
76773,11600,-770.0
76773,11601,0
76775,11600,-220.0
76775,11601,0
76845,11600,-230.0
76845,11601,0
76855,11600,-180.0
76855,11601,0
78016,11600,-1490.0
78016,11601,0
78706,11600,170.0
78706,11601,0
78720,11600,-180.0
78720,11601,0
78762,11600,-430.0
78762,11601,0
78858,11600,-250.0
78858,11601,0
80063,11600,-170.0
80063,11601,0
80099,11600,620.0
80099,11601,0
80112,11600,-150.0
80112,11601,0
80210,11600,-190.0
80210,11601,0
80214,11600,-220.0
80214,11601,0
80234,11600,-170.0
80234,11601,0
80413,11600,-2950.0
80413,11601,0
80415,11600,240.0
80415,11601,0
80416,11600,170.0
80416,11601,0
80428,11600,3040.0
80428,11601,0
81002,11600,-330.0
81002,11601,0
82022,11600,-710.0
82022,11601,0
82246,11600,-210.0
82246,11601,0
82353,11600,350.0
82353,11601,0
82392,11600,200.0
82392,11601,0
82445,11600,-200.0
82445,11601,0
82460,11600,-170.0
82460,11601,0
82562,11600,-230.0
82562,11601,0
82917,11600,530.0
82917,11601,0
82979,11600,-230.0
82979,11601,0
83270,11600,-230.0
83270,11601,0
83358,11600,-830.0
83358,11601,0
83368,11600,-170.0
83368,11601,0
83442,11600,300.0
83442,11601,0
83470,11600,530.0
83470,11601,0
83565,11600,980.0
83565,11601,0
83623,11600,310.0
83623,11601,0
83948,11600,-200.0
83948,11601,0
83980,11600,180.0
83980,11601,0
84001,11600,410.0
84001,11601,0
84036,11600,-400.0
84036,11601,0
84072,11600,-240.0
84072,11601,0
84105,11600,-1890.0
84105,11601,0
84140,11600,-520.0
84140,11601,0
84143,11600,230.0
84143,11601,0
84160,11600,-960.0
84160,11601,0
84217,11600,610.0
84217,11601,0
84265,11600,-330.0
84265,11601,0
84377,11600,-370.0
84377,11601,0
84401,11600,-230.0
84401,11601,0
84425,11600,-360.0
84425,11601,0
84455,11600,-310.0
84455,11601,0
84472,11600,400.0
84472,11601,0
84474,11600,-820.0
84474,11601,0
84534,11600,-280.0
84534,11601,0
84686,11600,270.0
84686,11601,0
84688,11600,550.0
84688,11601,0
84773,11600,150.0
84773,11601,0
84782,11600,-500.0
84782,11601,0
85140,11600,520.0
85140,11601,0
85175,11600,-200.0
85175,11601,0
85201,11600,-230.0
85201,11601,0
85210,11600,-680.0
85210,11601,0
85247,11600,-240.0
85247,11601,0
85264,11600,-170.0
85264,11601,0
85312,11600,1090.0
85312,11601,0
85406,11600,-240.0
85406,11601,0
85432,11600,320.0
85432,11601,0
85629,11600,2270.0
85629,11601,0
85672,11600,330.0
85672,11601,0
85892,11600,260.0
85892,11601,0
86033,11600,-370.0
86033,11601,0
86068,11600,-230.0
86068,11601,0
86134,11600,-260.0
86134,11601,0
86170,11600,180.0
86170,11601,0
86185,11600,290.0
86185,11601,0
86210,11600,190.0
86210,11601,0
86297,11600,1240.0
86297,11601,0
86565,11600,170.0
86565,11601,0
87007,11600,210.0
87007,11601,0
87222,11600,160.0
87222,11601,0
87344,11600,190.0
87344,11601,0
87784,11600,-170.0
87784,11601,0
87800,11600,-170.0
87800,11601,0
88870,11600,160.0
88870,11601,0
89004,11600,460.0
89004,11601,0
89013,11600,330.0
89013,11601,0
89061,11600,230.0
89061,11601,0
89087,11600,-2870.0
89087,11601,0
89324,11600,160.0
89324,11601,0
89329,11600,190.0
89329,11601,0
89332,11600,-230.0
89332,11601,0
89345,11600,690.0
89345,11601,0
89377,11600,-190.0
89377,11601,0
89512,11600,170.0
89512,11601,0
89614,11600,-230.0
89614,11601,0
89625,11600,320.0
89625,11601,0
89661,11600,-380.0
89661,11601,0
89664,11600,190.0
89664,11601,0
89799,11600,430.0
89799,11601,0
89811,11600,410.0
89811,11601,0
89832,11600,280.0
89832,11601,0
89866,11600,180.0
89866,11601,0
89879,11600,660.0
89879,11601,0
91203,11600,-230.0
91203,11601,0
91408,11600,210.0
91408,11601,0
91425,11600,-180.0
91425,11601,0
91831,11600,540.0
91831,11601,0
93441,11600,180.0
93441,11601,0
93597,11600,-270.0
93597,11601,0
94654,11600,400.0
94654,11601,0
94673,11600,270.0
94673,11601,0
96009,11600,-660.0
96009,11601,0
96035,11600,-170.0
96035,11601,0
96171,11600,-260.0
96171,11601,0
96441,11600,210.0
96441,11601,0
96529,11600,-240.0
96529,11601,0
96595,11600,-290.0
96595,11601,0
96607,11600,-2580.0
96607,11601,0
96655,11600,-190.0
96655,11601,0
96695,11600,-180.0
96695,11601,0
96987,11600,510.0
96987,11601,0
97008,11600,-300.0
97008,11601,0
97048,11600,320.0
97048,11601,0
97086,11600,180.0
97086,11601,0
97192,11600,380.0
97192,11601,0
97284,11600,-360.0
97284,11601,0
97300,11600,220.0
97300,11601,0
97378,11600,1540.0
97378,11601,0
97406,11600,260.0
97406,11601,0
97460,11600,190.0
97460,11601,0
97810,11600,160.0
97810,11601,0
98334,11600,-170.0
98334,11601,0
98536,11600,1500.0
98536,11601,0
98644,11600,220.0
98644,11601,0
98653,11600,-180.0
98653,11601,0
98751,11600,-240.0
98751,11601,0
